RSES_1,RSES_2,RSES_3_REV,RSES_4,RSES_5_REV,RSES_6,RSES_7,RSES_8_REV,RSES_9_REV,RSES_10_REV,RSSIS_1,RSSIS_2,RSSIS_3,RSSIS_4,RSSIS_5,RSSIS_6,RSSIS_7,RSSIS_8,RSSIS_9,RSSIS_10,RSSIS_11,RSSIS_12,RSSIS_13,RSSIS_14,RSSIS_15,RSSIS_16,RSSIS_17,RSSIS_18,RSSIS_19,RSSIS_20,RSSIS_21,RSSIS_22,RSSIS_23,RSSIS_24,RSSIS_25,RSSIS_26,RSSIS_27,RSSIS_28,RSSIS_29,RSSIS_30,RSSIS_31,RSSIS_32,RSSIS_33,RSSIS_34,RSSIS_35,RSSIS_36,ISS_1,ISS_2_REV,ISS_3,ISS_4_REV,ISS_5,ISS_6,ISS_7_REV,ISS_8,ISS_9_REV,ISS_10,ISS_11,ISS_12_REV,ISS_13,ISS_14,ISS_15_REV,ISS_16,ISS_17,ISS_18_REV,ISS_19,ISS_20_REV,ISS_21,ISS_22_REV,ISS_23,ISS_24,RSES_Total,RSSIS_Total,ISS_Total
3,4,4,4,1,4,4,4,1,2,1,1,3,3,1,2,2,2,1,4,1,1,2,3,4,2,2,3,1,2,5,1,2,1,4,1,1,3,2,1,1,3,1,1,1,4,2,2,4,1,1,1,1,4,2,4,4,1,3,5,1,3,5,1,4,1,4,2,5,4,32.276861356230434,72.6398140036199,94.8091490276611
4,4,2,4,1,3,4,1,1,1,2,2,1,1,1,1,1,1,2,1,1,1,3,1,1,1,2,1,2,3,1,1,1,1,2,1,1,2,1,5,1,1,2,5,1,1,4,4,5,3,3,4,3,4,1,5,5,1,1,3,2,5,5,1,4,2,2,3,4,5,38.07362044659807,55.63458214764877,93.06562224991626
4,3,1,4,2,4,4,1,1,1,4,2,2,1,2,1,1,4,2,1,1,1,4,2,5,4,2,2,3,1,1,2,1,1,1,3,4,2,1,1,3,5,3,4,2,5,4,3,3,4,4,2,3,5,2,4,4,1,5,3,1,5,2,2,2,4,4,2,4,4,38.39094880648295,83.58262789198604,87.27208834748691
3,4,1,2,1,3,4,4,1,1,1,2,2,2,1,1,1,2,1,1,3,3,3,1,2,3,1,1,2,3,1,1,1,3,1,1,3,1,2,1,2,1,1,2,1,5,1,2,3,3,5,5,4,1,3,5,5,2,5,2,1,2,5,5,3,1,5,2,2,5,32.53580466389444,62.67672175177603,85.47395979395053
2,4,1,2,1,4,4,2,4,2,1,1,1,1,1,1,1,1,1,1,1,1,1,1,1,1,1,1,1,1,1,1,1,1,1,1,1,1,1,1,1,1,1,1,1,1,4,4,4,4,3,5,5,3,3,4,2,1,4,3,1,1,1,3,5,2,4,4,5,2,30.83799095829326,25.265655610882334,76.84436256242833
4,3,2,3,1,1,3,4,3,3,1,1,4,1,2,1,4,1,1,2,1,3,1,1,1,1,1,3,1,2,1,4,1,4,1,3,1,1,2,2,1,1,3,1,2,1,5,3,4,1,1,5,2,4,1,4,5,3,3,1,1,3,4,3,3,5,5,2,4,4,26.295487780835842,62.263602476869934,88.20609979777757
1,2,1,3,2,1,4,4,1,4,1,1,2,5,1,1,2,1,1,1,2,1,2,3,1,1,2,2,1,2,3,3,1,1,1,1,1,3,1,1,1,1,1,1,1,2,5,1,5,4,5,4,4,5,1,4,4,2,4,4,4,5,4,2,4,3,4,1,5,5,24.34272464870296,55.60765149931231,98.79849073377609
3,1,1,4,2,3,4,3,4,2,4,1,1,1,3,2,4,3,3,2,3,1,2,2,3,2,1,1,3,2,2,3,5,3,2,5,2,1,3,4,4,1,3,3,1,3,2,5,5,4,3,4,3,2,4,1,4,1,4,5,3,1,3,5,5,4,1,3,4,3,28.19614516904195,88.57745224623429,69.19801638289674
1,2,1,4,4,4,3,3,4,1,5,2,1,2,3,4,1,1,5,5,3,1,1,4,1,5,2,4,2,5,1,2,1,2,1,3,4,5,1,3,1,2,4,2,4,1,5,1,4,2,4,4,2,2,2,1,2,4,1,1,2,2,2,5,5,4,5,3,2,1,26.396616350879153,94.24736347181404,69.68691422788572
3,2,1,4,3,4,2,1,2,1,1,3,1,1,1,1,1,3,1,3,4,2,1,1,1,2,1,1,1,1,1,1,4,2,1,1,3,1,2,3,2,2,1,2,2,2,4,4,2,4,5,2,1,3,2,5,4,2,5,5,2,4,5,5,1,3,5,3,5,4,31.593347135039053,61.05843948446328,86.6444616807868
2,3,3,1,1,3,2,1,1,4,4,5,3,5,5,2,5,5,5,5,3,3,5,5,4,2,1,3,5,4,5,5,4,5,5,3,5,5,2,2,5,5,5,5,3,2,1,4,1,3,5,3,1,2,3,1,2,2,1,3,1,2,2,2,4,1,4,1,5,2,26.07284388394249,144.99057797094707,73.7398683673277
4,3,3,2,3,2,1,3,4,1,5,2,5,2,5,4,4,2,3,3,1,2,4,4,3,4,4,1,5,1,3,5,5,3,4,5,1,3,3,5,1,3,5,5,4,3,2,1,1,2,1,2,3,1,4,2,3,1,1,1,5,2,5,4,4,1,5,4,1,3,23.49727463221754,121.78850880087657,63.01698175156312
4,4,3,4,2,2,4,3,3,1,1,1,1,1,1,1,1,1,1,1,1,1,1,1,1,1,1,1,1,1,1,1,1,1,1,1,1,1,1,1,1,1,1,1,1,1,4,2,2,5,5,3,3,3,3,1,4,1,4,3,4,4,5,2,5,1,1,1,3,2,30.65104550515373,24.394781355580108,80.6882555349003
2,4,2,2,2,4,1,1,1,1,2,1,4,2,3,5,3,1,5,3,3,2,1,3,4,4,1,1,5,5,4,2,5,1,5,1,5,2,5,2,2,2,1,3,1,3,3,2,2,2,4,5,1,2,2,3,2,4,4,3,1,5,4,3,5,1,2,3,4,2,30.583254683874216,101.95170800632015,84.88639779851415
2,3,3,2,1,3,3,1,2,2,1,3,2,1,3,2,1,1,4,5,1,1,2,1,3,1,1,5,1,1,4,1,1,1,1,5,3,1,5,1,1,1,4,2,1,4,5,3,1,3,3,2,4,5,2,3,1,3,3,3,4,5,5,3,1,4,1,3,4,4,28.818161949943388,76.4744357630028,70.78762310235598
1,2,3,4,3,3,3,2,3,2,1,1,1,5,5,5,4,3,4,2,1,1,2,1,2,2,1,5,2,3,3,3,1,1,3,1,1,1,1,3,1,1,1,1,2,5,1,2,5,1,5,5,3,1,1,4,5,3,5,4,3,5,3,2,4,1,3,1,3,2,25.40558800719918,80.29040724412893,92.34136163521069
2,4,2,4,2,4,4,2,3,3,1,1,1,1,1,1,1,1,1,1,1,1,1,1,1,1,1,1,1,1,1,1,1,1,1,1,1,1,1,1,1,1,1,1,1,1,3,2,5,3,5,5,1,3,1,3,5,1,5,3,1,5,3,5,5,1,5,1,2,2,31.412156826062628,28.163031651982003,96.92502109137612
3,3,2,3,4,1,1,1,1,1,3,2,1,1,1,2,2,1,1,4,3,2,3,1,3,2,1,5,1,3,1,1,1,2,2,3,3,3,1,1,1,3,2,1,1,1,3,2,4,2,3,3,1,2,3,4,1,1,1,4,2,5,5,1,5,2,3,1,4,5,27.296365126457086,69.43716357455884,90.94243700833553
4,4,2,4,1,3,4,3,1,2,4,5,3,2,1,3,3,2,1,3,1,4,4,4,1,1,1,2,3,5,2,1,4,1,2,1,5,4,2,4,4,4,1,3,1,4,2,4,5,2,1,4,5,1,4,5,5,1,4,5,1,1,3,3,1,1,3,1,4,4,35.29457175680253,95.89650676815445,79.55784231309642
3,3,1,2,3,3,3,3,2,2,1,2,2,4,5,2,4,1,2,1,1,4,5,1,2,1,3,3,3,2,5,4,2,4,3,2,2,3,1,3,2,3,3,5,5,1,4,2,5,4,4,5,2,5,1,5,2,1,1,5,1,3,2,5,3,2,4,1,5,3,27.724887809601736,97.30100048079387,91.10119793394675
2,1,2,2,3,4,2,1,1,2,1,4,3,2,1,1,5,2,2,1,2,1,2,2,2,1,1,3,3,1,4,5,1,3,4,2,3,1,4,3,3,1,2,3,2,4,3,4,1,5,3,2,4,5,4,3,3,3,2,4,4,3,3,2,3,1,2,2,5,5,26.76492201616297,84.83485836452289,71.6764393304415
2,3,3,3,3,3,2,4,1,4,3,4,1,5,2,3,3,3,5,2,5,3,1,5,3,4,3,1,5,5,4,5,3,3,1,4,3,5,4,2,4,4,4,4,5,2,2,1,4,2,1,4,3,4,2,5,3,1,3,4,2,1,4,1,5,5,4,1,5,2,22.715033673578606,123.42474844110018,87.35071260653412
1,4,2,4,1,2,2,3,1,2,4,2,1,5,4,2,5,1,5,3,1,2,4,1,2,2,2,2,2,5,5,4,5,2,4,2,4,2,5,5,2,5,5,5,1,2,2,2,4,2,4,1,1,4,1,2,2,2,5,5,3,3,5,1,2,1,3,5,1,5,29.064635724546015,113.28901178324843,84.02262594593427
3,2,2,2,3,1,4,2,2,2,2,3,2,5,3,1,3,4,2,1,4,5,3,3,1,2,4,4,4,1,2,5,1,5,1,3,5,2,1,5,3,3,4,2,2,2,2,2,2,1,5,3,2,5,1,3,2,2,4,4,1,4,5,2,5,3,4,4,5,5,25.82764104150812,102.83081290614419,94.35182235302828
2,2,1,3,2,3,3,1,1,4,5,5,3,4,3,4,5,1,3,3,5,4,1,4,5,4,3,4,5,3,4,4,2,3,4,2,2,2,5,1,5,2,5,4,5,5,2,1,4,2,1,3,5,1,5,1,2,2,2,1,5,2,1,3,1,2,5,5,2,1,29.269007935058422,128.88068802627404,52.97295430808597
4,4,2,4,1,1,4,1,2,2,2,2,1,3,2,5,3,3,2,2,1,2,1,1,2,4,1,1,2,2,1,2,1,1,3,2,3,1,2,2,1,2,4,2,3,3,1,2,3,2,5,5,2,5,2,5,4,1,4,5,5,3,4,2,2,5,3,1,2,4,34.11356572079582,74.5857280563821,86.75570135874015
4,1,2,4,3,4,1,2,1,1,1,1,1,1,1,1,1,1,1,1,1,1,1,1,1,1,1,1,1,1,1,1,1,1,1,1,1,1,1,1,1,1,1,1,1,1,5,1,4,1,5,5,2,5,3,2,3,3,1,4,3,4,5,2,5,5,3,3,4,5,29.989634181890686,25.221047191040356,90.88149545155571
3,3,2,4,2,2,1,1,1,1,2,1,3,4,3,5,2,3,2,5,4,5,5,4,1,1,2,5,4,3,4,5,4,4,5,3,3,4,4,5,4,3,4,2,1,2,5,4,3,4,3,4,3,4,2,3,4,4,5,3,5,3,5,2,4,5,4,3,3,1,31.48837421342582,120.93479984723453,76.32246163663322
2,2,2,1,1,3,4,3,4,2,4,1,2,2,5,1,5,3,1,2,1,1,1,3,1,2,2,3,4,3,1,4,2,1,1,4,3,2,2,2,3,1,1,1,2,3,4,1,3,2,1,4,1,3,2,2,4,1,4,3,1,1,4,3,2,1,5,1,5,5,24.904885171109015,80.3423011577654,90.55358311552376
4,1,3,3,1,4,3,2,1,2,2,4,1,1,2,3,1,1,2,2,1,1,1,1,1,1,2,1,1,4,1,2,1,1,3,3,1,5,2,2,2,2,1,1,3,1,3,1,3,1,3,3,2,5,3,5,5,3,3,5,4,5,1,1,3,1,4,1,4,5,31.328185139768536,63.743497897859825,93.93730038202054
3,3,2,2,2,4,3,1,3,2,5,1,5,3,1,2,3,3,5,2,2,3,1,3,4,5,5,4,1,5,5,2,5,1,4,3,2,4,4,1,2,5,2,2,4,1,2,3,5,5,5,4,3,5,5,3,5,4,1,5,1,4,2,3,2,2,2,1,2,1,30.019663977820432,109.93980921296865,74.83792445988267
2,2,2,4,4,2,2,1,1,1,1,1,3,1,3,5,1,1,3,1,3,2,3,1,2,3,2,1,1,2,2,3,3,2,1,1,1,4,2,2,1,5,4,3,2,1,5,2,1,1,1,2,5,5,1,2,3,4,4,1,4,2,4,2,2,1,4,5,4,1,27.620681203450903,76.80890490005572,69.9410514978506
4,2,1,2,2,2,4,1,1,3,2,4,2,3,3,2,2,2,3,3,2,5,3,3,3,1,3,2,2,3,1,1,2,2,1,2,1,4,2,2,2,1,1,4,4,4,2,3,4,2,4,5,1,3,3,3,5,2,4,4,3,4,5,3,5,2,3,4,3,1,31.143882127697378,86.8795523065223,85.72666935549285
1,2,1,4,3,4,1,2,2,1,1,1,1,1,1,1,1,1,1,3,1,1,1,1,1,3,1,1,1,1,2,1,3,3,2,1,1,1,1,1,1,1,1,1,1,1,4,4,5,5,5,4,3,4,4,5,4,2,2,5,3,5,3,3,5,2,2,1,3,2,28.146380486038733,46.166076736456205,84.65125400196587
4,3,1,3,3,1,2,1,4,1,2,1,1,1,1,1,1,2,2,5,1,3,5,4,2,2,3,1,2,1,1,2,2,2,1,1,2,1,2,1,1,3,1,2,1,1,3,5,4,3,2,5,1,4,2,5,5,3,2,5,4,5,4,4,1,1,3,1,4,2,27.5356635408265,65.25315771021022,84.14259472329275
3,1,3,4,1,3,4,1,2,1,4,5,3,2,2,5,2,5,4,5,4,3,5,3,5,1,3,2,3,3,5,3,5,4,5,4,4,4,5,3,3,4,5,3,5,1,4,2,3,4,4,5,1,5,2,5,2,1,4,3,3,1,4,1,1,1,4,5,1,2,31.753487502752577,131.99382717066612,81.8177108106268
1,4,4,3,1,4,4,1,2,2,2,1,1,1,4,3,3,1,5,1,2,1,3,2,4,1,2,3,1,5,2,3,4,2,3,1,2,2,1,1,1,5,1,1,2,1,4,1,1,2,2,4,3,2,2,3,4,2,4,1,5,2,3,4,4,5,5,3,1,1,30.926034599372166,77.7921363891189,67.98001577646973
4,2,3,4,1,2,1,3,1,1,3,4,4,1,2,1,2,3,1,1,3,1,1,1,4,3,4,3,4,3,1,1,1,1,4,4,4,2,5,1,1,3,3,3,2,1,4,2,5,3,5,5,1,3,2,5,5,2,5,5,1,4,5,1,5,2,5,2,5,4,29.321604196786364,85.60049889972211,108.46558574369365
1,3,2,2,1,4,3,3,1,3,4,1,1,4,4,5,2,1,2,3,1,5,3,3,1,3,5,1,5,2,1,2,5,2,1,5,1,3,4,1,3,3,2,1,2,3,3,5,3,4,3,2,1,2,2,4,4,3,2,1,1,5,5,1,3,2,4,4,5,5,28.384879152519893,94.82566818960456,82.08763194248812
4,1,4,2,4,4,4,4,4,1,3,4,5,5,5,3,1,3,2,3,5,5,5,4,1,5,3,5,3,5,2,3,3,4,5,4,2,5,5,4,4,5,3,1,5,3,5,1,5,4,4,4,4,4,3,4,4,5,3,3,3,5,5,5,2,3,2,3,5,2,22.870518563155397,132.5162497558604,80.35246788678182
4,3,1,4,1,3,4,4,2,1,1,1,1,1,1,2,1,1,2,1,1,1,1,1,1,1,5,1,2,1,1,4,1,1,1,1,1,1,1,1,1,1,1,1,1,1,4,1,5,5,5,5,2,4,1,4,5,1,5,5,1,5,5,1,5,1,2,1,5,3,33.93920496294349,46.43392876331451,107.01395023190577
3,3,4,1,4,4,3,2,3,4,3,3,1,3,4,4,1,3,1,1,5,1,4,3,4,1,5,5,5,5,2,1,3,4,4,1,5,5,5,5,4,5,5,3,1,5,4,2,3,3,4,5,2,5,1,4,5,3,5,2,3,5,1,2,5,5,5,1,5,5,21.55352823666511,119.80819672568805,95.06411340495514
2,4,4,4,4,3,4,4,3,3,1,5,2,1,4,2,1,2,1,1,5,1,4,2,3,4,1,1,2,1,3,4,4,2,5,1,1,3,2,1,3,3,1,2,1,1,4,2,1,1,4,1,3,3,1,1,3,3,3,3,2,3,5,4,5,4,5,1,4,4,23.876685172343606,81.01954663549188,81.68041918765354
3,4,4,4,2,2,2,2,4,1,1,2,3,1,1,1,1,1,1,1,1,2,1,1,2,3,1,1,1,1,1,1,1,1,1,1,2,1,2,2,1,1,1,1,1,1,4,1,4,4,5,3,4,2,2,5,4,3,5,3,3,5,2,1,3,1,4,2,1,5,26.627664586299073,46.02018581867871,88.24659213766368
1,4,1,2,3,2,4,4,4,3,2,2,3,4,4,3,5,1,3,1,2,4,4,5,5,3,2,2,4,2,5,4,1,3,2,1,5,1,1,5,2,5,5,5,2,4,3,4,5,5,5,4,4,3,5,4,2,3,5,2,5,3,1,4,4,2,2,2,3,1,23.471334011043496,111.84335163888849,67.27368291163637
4,4,2,4,1,4,4,1,1,2,1,2,1,2,1,1,1,1,2,1,1,1,1,1,1,1,1,1,1,1,1,1,1,1,1,1,1,1,1,1,1,1,1,1,1,2,5,3,5,3,5,5,4,2,1,5,5,1,3,4,5,2,5,2,5,1,5,2,3,3,38.22558069256163,39.511150648491494,94.48828426476628
3,4,1,1,1,4,4,3,1,1,1,1,1,1,1,1,1,1,1,1,1,1,1,1,1,1,1,1,1,1,1,1,1,1,1,2,1,1,1,1,1,1,1,1,1,1,5,2,5,1,3,1,2,5,1,4,4,1,4,5,2,5,5,2,1,5,5,1,5,3,34.06620457401232,36.900753728865006,96.91185878145711
4,3,1,4,1,4,3,2,1,1,1,1,1,1,1,1,1,1,1,1,1,1,1,1,1,1,1,1,1,1,1,1,1,1,1,1,1,1,1,1,1,1,1,1,1,1,4,2,4,1,4,5,1,3,1,5,3,1,5,5,1,4,4,1,4,3,2,2,4,4,36.85426316930242,19.242114531204848,101.06842891833728
2,4,3,3,1,1,4,1,1,2,1,3,2,3,1,5,3,5,1,1,5,3,3,2,3,3,5,5,1,2,2,4,4,1,3,2,1,1,4,2,4,2,3,4,5,3,5,5,4,3,1,2,5,2,4,4,2,2,4,3,3,1,2,1,5,3,5,2,4,1,30.9392083053722,102.31996089586639,71.36269984060898
3,3,4,2,4,4,3,4,3,3,2,1,3,5,1,4,2,5,5,4,5,5,4,3,5,2,3,1,3,3,2,4,2,4,1,1,2,4,5,3,4,4,5,2,3,5,5,4,4,2,2,2,1,3,1,2,4,5,5,1,3,2,3,1,4,5,4,4,3,5,22.01325423977385,116.81571882497322,77.33417678199817
3,4,1,1,2,3,2,1,2,1,5,1,3,2,4,3,2,3,4,4,3,1,2,2,1,3,3,3,2,2,2,3,1,4,2,4,1,1,2,1,1,2,2,2,5,4,3,2,3,4,5,4,3,2,5,2,5,1,3,3,4,3,2,4,4,1,2,1,5,3,30.886172731138092,89.96259964044447,78.41701704344702
3,4,1,3,1,4,3,3,3,3,4,3,2,1,2,5,3,2,5,2,1,2,2,3,1,2,1,3,2,1,3,5,1,1,1,5,3,1,4,4,1,2,3,2,1,5,4,2,5,5,3,1,1,4,3,3,1,1,5,5,2,1,4,3,5,5,3,5,2,5,30.78315571924293,88.68496200800729,78.17138871174033
4,4,1,4,1,4,4,1,1,1,1,3,3,2,1,2,3,3,2,1,3,3,2,1,1,3,1,5,1,1,1,1,1,1,3,1,1,3,3,3,1,1,3,1,2,3,1,2,4,2,4,3,2,4,1,5,1,1,4,2,4,5,1,5,4,3,5,3,4,5,40.00948500215767,71.18113787991634,83.16542480706985
4,4,2,3,1,4,4,3,2,3,1,1,1,1,1,1,2,1,1,1,1,1,2,1,1,2,1,2,1,1,2,1,1,1,1,1,2,1,2,1,1,2,1,1,3,1,2,1,4,1,2,5,2,5,5,5,5,1,4,4,1,2,4,2,5,1,5,2,5,5,33.179654536061065,46.42892236675121,100.39895512693448
3,3,1,4,1,2,4,1,1,1,1,1,1,1,2,1,1,1,1,2,2,2,1,1,1,1,1,1,1,2,1,1,1,1,1,1,2,1,1,1,1,1,1,2,2,1,2,1,5,1,5,5,1,5,4,5,5,1,5,5,5,4,5,2,5,2,4,2,5,5,36.01525019719844,43.87302295496518,104.70913574301697
2,4,3,4,1,1,4,1,2,1,2,4,2,1,3,1,3,1,5,3,4,2,2,1,2,2,3,1,4,5,4,4,4,3,5,2,1,4,4,3,1,4,4,1,4,2,4,2,5,2,5,5,1,2,1,5,4,1,4,4,2,4,4,2,3,1,5,1,3,5,31.802796027577372,101.35042445167302,102.78645642534158
3,4,4,2,1,3,3,2,1,4,2,1,1,3,2,2,3,4,2,1,1,1,3,1,2,1,1,1,1,4,1,1,2,2,1,1,1,3,5,1,1,2,1,2,1,3,4,1,3,1,2,4,2,4,4,3,4,3,2,2,2,5,2,2,1,4,5,1,1,1,28.08537518910628,65.29365370273223,77.45928311002508
4,3,4,2,4,2,1,2,1,1,3,4,3,5,1,4,2,1,3,2,1,1,4,3,2,1,4,2,1,4,3,2,3,4,4,2,1,2,2,5,4,1,2,1,3,3,4,1,5,2,4,5,1,5,1,2,1,4,2,5,4,1,5,5,4,4,3,1,2,4,24.863559638260526,92.62424587043014,83.26542726820053
4,2,1,3,3,4,4,4,1,2,4,5,4,3,4,3,5,1,3,3,4,4,3,1,5,1,3,2,1,3,1,4,1,2,4,5,1,2,1,5,3,1,2,3,1,5,5,3,3,4,5,3,3,3,3,5,3,5,3,4,2,5,3,1,4,2,1,1,2,5,31.034142014293554,103.3875729964433,83.50411356770651
4,4,1,4,1,4,4,2,2,1,1,2,1,1,1,2,1,1,1,1,1,2,1,1,3,3,3,1,2,2,1,4,1,3,1,1,1,1,1,1,1,2,1,2,3,1,5,1,5,1,5,5,1,5,1,5,5,1,5,5,1,5,5,1,5,1,5,1,5,5,37.681099618182,55.72490774828898,121.59984441040119
3,4,3,4,1,4,2,1,3,1,1,4,1,1,1,1,1,1,1,1,1,1,1,1,1,1,1,4,1,1,1,1,1,1,1,1,1,2,2,2,2,1,1,3,3,1,3,3,4,2,4,4,2,5,5,1,4,1,5,4,1,4,4,4,3,4,3,4,4,2,33.00520508267528,50.22883782026905,81.60305250532988
3,3,1,2,2,3,4,1,3,1,3,3,2,2,1,1,1,1,2,1,2,1,1,2,1,1,2,1,2,3,2,3,1,3,1,1,4,1,2,5,1,1,3,3,4,2,4,2,3,1,5,5,2,5,1,5,5,5,4,2,1,1,4,3,5,4,5,1,4,5,32.19642224514958,70.39388809024504,95.69421025225743
4,1,1,4,2,3,4,3,2,1,3,2,1,2,1,1,1,3,1,3,2,5,2,2,1,2,2,1,1,1,1,1,1,2,4,2,3,2,4,2,2,4,2,3,1,4,4,3,4,4,5,1,5,5,3,2,5,1,2,3,5,4,1,1,1,2,4,1,5,5,32.14426299572496,74.84276052854307,79.8110025461854
3,4,3,2,4,2,1,3,4,2,5,4,1,4,5,3,1,1,3,1,2,1,2,2,1,5,3,1,2,1,4,1,1,4,5,4,2,1,1,1,2,4,2,3,4,5,1,1,1,2,2,4,4,4,1,3,4,5,2,5,1,1,2,1,4,1,5,1,5,5,20.915311821905597,91.73759590039893,85.290365018177
4,4,1,3,1,2,4,4,1,4,1,2,1,1,2,1,1,1,2,1,1,1,1,3,2,1,2,1,1,1,1,1,1,2,1,1,1,1,1,1,1,1,2,1,1,1,5,3,3,3,4,3,1,3,1,3,5,1,5,3,4,5,4,3,5,1,5,1,2,2,30.68058603969547,44.79971605653882,92.64172103743977
3,4,2,2,1,3,4,1,4,1,1,2,1,1,1,1,1,1,1,4,1,1,2,1,1,1,1,1,2,1,3,1,1,2,2,1,1,1,1,1,1,1,4,2,3,2,3,1,2,1,2,2,2,5,1,5,4,2,2,4,4,4,5,1,5,1,5,1,1,3,31.647678487815632,52.80131497636221,92.14503553024636
2,3,2,2,1,4,3,1,1,4,4,1,2,1,1,2,1,2,1,1,1,3,1,1,1,1,1,1,1,2,1,2,2,1,1,1,1,1,2,1,1,1,1,1,3,1,5,1,3,1,5,4,2,5,3,5,5,4,5,5,3,3,4,3,1,4,3,2,4,5,29.800127973335997,49.91255001419822,93.0623474602803
2,4,3,4,1,4,3,1,2,2,1,3,3,1,1,4,2,3,5,3,4,3,2,4,4,2,3,5,4,1,2,3,1,1,5,5,4,5,1,5,5,1,2,1,3,5,4,2,5,1,5,5,1,3,4,5,5,3,4,5,4,4,4,4,3,1,3,1,5,1,32.638738815526075,106.78071554614188,94.48640533006312
4,2,2,4,3,1,2,3,4,4,1,2,3,1,3,3,2,3,5,1,1,1,2,1,3,1,2,1,4,1,1,5,2,1,1,3,1,1,4,5,1,3,1,3,1,2,5,2,4,1,4,5,1,2,3,4,4,2,2,4,5,5,3,3,5,2,4,4,1,2,21.69010946492893,75.74011591618017,84.71384072720764
4,4,3,4,2,3,3,2,3,1,1,1,2,1,5,3,4,2,3,3,4,5,2,3,1,3,3,3,4,2,2,4,3,1,3,3,2,1,4,1,3,1,1,1,4,2,5,1,5,1,5,5,1,5,1,5,5,1,5,5,1,5,5,1,5,1,5,1,5,5,32.37328499989473,91.14154056738214,123.71191263494634
4,2,1,3,1,3,4,1,3,2,2,4,3,1,2,1,2,1,4,5,2,4,5,3,1,1,4,2,5,2,3,4,4,2,3,4,2,3,1,4,4,4,5,2,4,5,4,2,4,1,4,4,1,1,1,5,5,1,1,3,2,4,4,1,4,2,5,2,2,2,32.69581867536723,108.14661197713804,93.37369391502435
3,2,1,4,1,3,4,1,1,4,3,2,5,1,4,2,3,2,2,1,1,1,1,2,2,5,1,1,1,2,1,2,1,1,1,1,1,1,1,1,1,2,2,1,2,4,1,1,5,1,5,4,1,3,3,5,2,3,4,5,2,4,5,2,4,1,4,1,5,3,33.15049689804584,65.414444844636,97.55645662765477
1,3,2,2,4,3,4,1,3,3,3,4,4,4,2,4,1,2,5,5,1,1,1,4,2,4,2,2,1,3,2,4,3,4,2,1,1,1,3,2,2,1,1,2,1,2,3,3,5,1,2,5,2,1,4,2,2,3,1,5,3,3,5,1,5,3,3,3,2,1,25.106344676946122,87.44607694989077,76.07849970582865
2,4,4,3,1,4,3,3,1,2,5,2,3,5,5,5,4,3,5,3,5,5,5,5,4,5,5,2,5,5,4,4,4,4,4,2,5,4,5,3,4,4,5,4,5,2,4,3,4,5,2,2,5,1,5,2,1,2,4,1,4,5,4,2,1,4,4,5,3,1,29.9337932222542,148.75846592002546,58.1851445074858
4,4,1,4,2,1,4,1,2,3,1,1,1,1,1,1,1,1,1,1,1,1,1,1,1,1,1,1,1,1,1,1,1,1,1,1,1,1,1,1,1,1,1,1,1,1,1,1,5,1,1,5,2,4,2,5,5,1,4,1,3,2,4,2,5,2,3,4,5,5,33.34744101460673,27.71568467773936,90.74224823302367
4,4,1,4,3,4,4,1,3,1,1,3,4,1,3,1,1,2,2,2,2,1,2,1,1,1,3,2,1,2,1,2,5,1,2,1,1,2,3,1,3,4,3,2,1,2,3,2,3,4,4,5,2,3,1,1,3,2,5,5,5,4,5,3,2,1,1,3,2,4,35.62188665282033,70.22357925122529,80.92830634228314
1,2,1,2,1,4,2,2,4,3,2,5,2,1,1,1,2,5,3,3,3,4,1,5,4,5,5,2,4,5,4,3,4,5,1,4,1,4,2,5,5,3,2,1,5,1,1,5,4,4,5,3,5,2,2,2,3,5,4,5,1,1,4,2,5,4,5,2,2,1,25.431233312583284,112.9325635823206,70.52648291866839
4,2,2,1,3,4,4,1,2,1,3,1,1,1,3,1,1,1,2,4,1,2,3,1,5,2,2,2,1,2,3,1,4,4,1,4,1,1,1,3,5,4,4,1,4,2,4,1,3,4,5,4,1,5,2,1,2,3,2,5,2,5,1,5,3,2,4,4,1,5,30.6939429817402,81.80532492158876,79.63581293526727
4,4,1,4,1,4,4,1,1,1,1,2,1,1,2,1,1,1,1,3,2,2,2,1,1,3,3,1,5,3,1,5,3,1,1,4,1,3,1,4,1,3,1,1,4,1,4,4,2,3,4,5,5,2,5,5,5,4,5,4,4,5,1,4,4,5,4,2,5,3,41.5806214718084,71.90926638067901,76.16726105612143
4,4,3,4,2,3,2,2,1,3,1,1,3,1,1,2,1,1,1,2,1,1,1,1,2,3,1,1,3,2,2,2,1,3,1,1,1,1,1,4,2,4,2,1,3,3,4,2,5,2,4,5,1,4,4,5,4,1,2,4,4,5,5,3,5,4,5,1,3,5,30.524475095597687,61.933020259044696,96.85640456612748
2,4,1,1,3,2,3,3,1,4,1,4,2,2,5,3,5,4,1,4,1,1,2,3,1,3,4,2,1,4,2,1,3,3,5,5,1,2,1,5,2,3,1,1,1,2,5,4,3,2,2,4,3,5,4,5,1,1,3,5,3,2,3,3,3,1,5,2,4,4,24.99510190164728,91.2212981665624,85.1579649184117
4,2,2,4,2,4,4,1,1,3,1,1,1,1,2,1,1,1,1,1,1,1,1,1,1,1,1,1,1,1,1,1,1,1,1,1,1,1,1,1,1,1,1,1,1,1,5,5,5,2,5,5,2,4,3,2,3,2,4,5,2,5,5,4,3,4,5,2,5,3,34.361251181872085,37.05197647002304,91.63610180100248
4,4,3,3,1,2,2,3,3,3,1,3,2,1,1,4,5,2,4,1,4,1,3,1,2,2,1,3,1,1,1,3,1,1,1,2,1,1,5,3,1,1,1,1,2,3,5,1,1,1,4,5,1,5,3,5,3,1,5,3,3,4,5,1,3,1,4,2,5,5,26.788807521489232,71.36201048567504,101.55239672851897
4,2,1,4,1,4,2,4,2,1,1,2,2,1,1,1,1,1,1,1,1,1,1,2,2,1,1,1,1,2,1,1,1,1,2,1,1,1,1,1,1,1,1,1,1,1,5,2,5,1,4,5,3,4,1,5,3,1,3,4,1,4,4,1,4,4,3,1,4,5,31.75874508306358,41.71399908666985,101.18307837593102
4,4,1,4,1,4,4,1,1,1,3,1,1,1,2,4,2,2,4,4,1,4,1,3,1,2,3,3,2,3,3,1,2,1,1,1,1,3,2,4,3,1,4,1,5,4,4,2,3,4,5,4,2,5,5,4,4,2,5,5,2,3,2,1,1,4,2,4,2,2,41.45756073873617,83.64332383425018,79.4373000599528
4,3,3,2,2,3,2,1,3,3,2,4,5,4,2,4,2,5,4,4,4,4,2,2,2,5,3,2,4,5,4,4,5,3,4,3,1,5,2,5,5,5,3,3,1,5,3,2,3,4,1,1,3,5,2,2,3,2,5,3,3,4,4,3,1,3,3,5,1,4,26.7363434369242,126.56897177795642,69.95395032163765
4,3,2,4,1,2,3,1,1,4,4,4,3,2,1,4,2,1,2,3,2,1,4,3,5,3,1,3,5,2,4,3,4,1,3,3,1,3,5,2,3,1,5,4,1,2,5,3,2,1,2,4,3,1,2,5,4,3,2,1,2,5,1,3,2,5,5,1,2,4,31.978105353395346,99.55900435965043,75.58373844154298
2,4,1,2,1,2,1,1,2,2,1,1,1,1,1,1,1,1,1,1,1,1,1,1,1,1,1,1,1,1,1,1,1,1,1,1,1,1,1,1,1,1,1,1,1,1,4,1,3,5,5,4,2,5,2,5,5,1,3,2,5,5,1,1,4,3,4,1,1,3,29.13515123723976,-8.637316872605297,86.88277547467908
2,4,4,2,1,1,3,1,1,2,1,1,2,1,2,1,1,1,1,3,3,1,1,1,1,2,1,3,2,1,2,3,1,3,1,1,1,1,1,1,1,1,1,1,1,1,4,1,5,1,5,5,3,5,1,1,2,1,5,4,3,5,5,1,5,1,4,3,5,5,28.044821453759475,51.222708505432024,103.94696722674334
1,2,4,4,4,1,3,4,2,1,4,3,5,3,3,2,4,1,2,5,3,5,4,1,1,2,1,1,3,3,3,2,1,5,5,1,1,1,1,1,2,3,2,1,4,2,5,3,2,5,4,4,4,4,1,5,1,1,1,1,2,5,1,3,5,2,5,4,5,2,21.393741008350524,90.74667782368002,78.71395925249575
3,4,1,3,1,4,4,1,1,1,1,1,1,1,1,1,1,1,1,1,1,1,1,1,1,1,1,1,1,1,1,1,1,1,1,1,1,1,1,1,1,1,1,1,1,1,5,1,5,2,4,3,1,5,1,3,5,1,5,4,1,5,5,1,4,1,5,2,5,5,37.61184915793131,22.30170816812523,110.81640597640518
4,1,4,3,1,4,1,1,1,1,3,3,1,1,1,1,2,1,1,2,2,1,1,4,1,2,1,1,1,3,1,2,1,1,3,1,1,2,1,1,1,1,1,1,1,3,4,1,5,1,5,1,2,5,4,4,5,3,1,4,1,3,5,5,4,1,3,2,5,5,29.529155476878536,55.21007932699279,93.15662762449678
1,4,1,4,2,4,2,4,1,1,1,1,1,1,1,3,1,2,2,2,2,3,1,2,1,1,4,2,4,2,1,4,2,1,2,2,2,2,2,1,3,1,1,1,1,1,5,2,5,2,4,5,1,1,1,2,4,4,4,5,4,5,5,3,5,1,2,5,4,2,30.595671858466595,63.523930267854,89.05493106761001
3,3,3,4,3,2,2,3,1,2,2,3,4,2,4,3,3,1,2,4,3,2,2,1,4,4,2,1,4,5,5,1,1,2,4,1,1,3,4,2,4,2,1,1,3,1,2,5,4,1,4,2,1,4,2,2,5,1,5,5,2,3,1,1,4,1,3,2,2,4,27.29505862232445,92.11242118297977,88.3948868194485
3,4,1,4,1,4,3,1,1,1,1,1,1,1,1,1,1,1,1,1,1,1,1,1,1,1,1,1,1,1,1,1,1,1,1,1,1,1,1,1,1,1,1,1,1,1,5,1,5,1,5,5,1,5,1,5,5,1,5,5,1,5,5,1,5,1,5,1,5,5,38.4293786506512,25.971854559815966,120.44542499360836
1,1,2,3,4,4,1,4,3,4,1,4,3,1,3,5,4,2,2,3,4,3,1,5,2,4,5,1,2,4,3,3,4,2,2,3,4,3,3,1,5,4,1,4,1,4,2,1,2,1,1,2,3,5,1,3,5,1,1,4,2,1,5,1,1,1,2,2,3,1,18.44572252450601,106.26427367831397,78.76890818756533
4,4,4,4,1,1,1,1,1,1,2,1,1,5,2,4,4,3,2,1,1,2,1,1,1,1,1,2,1,2,1,1,1,4,2,3,1,2,2,1,1,1,1,1,1,1,1,4,1,1,4,5,5,5,1,5,2,1,5,3,2,5,3,5,5,1,2,3,5,5,31.058434985055413,61.74107938924401,86.94565936037796
4,4,3,3,3,3,2,4,3,1,2,5,1,1,5,1,1,4,2,4,3,4,1,1,1,1,2,1,3,1,2,1,1,1,1,1,1,1,3,1,4,1,2,5,2,2,5,4,4,3,4,5,2,5,3,5,4,1,4,4,5,4,4,3,4,3,5,2,3,4,26.68682710815524,73.44747419101387,92.24620931877855
2,4,1,3,1,1,4,1,3,2,2,1,2,1,1,1,2,1,1,1,3,2,1,1,1,1,1,1,3,1,2,2,2,4,1,2,1,2,2,1,3,1,1,2,1,4,2,2,3,2,5,5,1,5,1,5,4,1,5,3,3,3,5,1,2,2,5,3,4,5,31.487825862149982,58.67133621369551,98.51721993369912
4,3,1,3,1,4,1,1,4,2,1,4,4,3,2,4,3,2,2,1,4,3,4,3,1,2,1,3,5,1,3,5,4,4,2,1,5,5,2,2,2,3,4,3,3,2,3,2,3,3,2,5,2,5,1,4,4,3,3,5,4,3,4,2,5,1,1,1,3,5,31.207023890973883,102.55166698501213,89.7761792574101
2,4,3,2,2,3,2,2,3,3,2,1,2,1,3,3,4,5,1,2,4,4,2,3,1,1,1,2,4,2,1,1,1,3,2,5,1,1,4,2,1,1,2,1,4,1,5,1,3,4,5,1,3,5,2,4,4,3,2,5,1,5,4,5,5,2,2,2,4,4,24.789090661716397,78.95128633863605,89.0062737464304
3,4,2,3,1,4,1,1,1,2,1,4,3,1,5,5,1,1,2,1,1,4,1,3,1,1,5,1,1,3,3,1,1,1,1,2,1,1,5,1,1,2,1,3,2,3,3,3,5,4,5,5,2,5,2,5,3,2,5,5,1,1,4,1,3,4,4,3,1,4,32.91880525388188,74.42749982980355,89.89742758522095
4,3,1,3,2,4,4,1,1,1,1,1,2,2,3,1,2,1,1,2,1,1,1,1,1,1,1,1,2,1,1,1,2,1,1,1,1,1,1,1,3,2,1,1,3,1,5,3,4,1,2,4,1,5,2,4,5,1,4,5,4,5,3,1,5,3,5,2,5,4,36.68776854817937,48.79077918492436,100.51641728093972
2,2,3,4,2,2,4,1,1,4,2,2,1,5,3,2,5,2,1,2,1,2,1,2,1,1,1,4,1,1,2,5,2,4,3,2,5,1,4,1,1,1,4,2,1,2,5,1,4,1,3,5,5,5,2,5,4,4,5,5,1,4,3,2,5,4,4,3,2,5,28.329348554492178,80.06927500513602,95.09330433313754
3,4,3,4,2,4,4,2,2,1,5,3,1,1,1,1,4,2,2,2,1,4,2,2,2,5,1,4,3,2,4,3,1,4,5,2,4,1,5,2,3,3,1,5,1,3,5,2,4,5,4,5,2,5,1,4,5,2,5,2,1,3,4,2,5,1,4,3,5,5,34.1334123534002,95.3739321610247,99.65736861638193
4,4,2,4,4,3,2,3,2,1,1,4,5,5,4,2,1,3,5,2,4,1,4,2,5,4,4,2,3,1,3,2,3,1,3,1,5,1,4,1,2,2,5,2,3,3,3,2,2,1,2,4,1,1,3,4,5,5,5,5,4,5,2,5,5,1,1,1,1,3,29.58999018906614,102.77328265004681,79.28514268309314
3,2,4,4,1,4,2,2,1,1,1,1,1,2,2,1,2,4,2,4,1,1,5,3,1,1,3,1,5,3,1,3,3,1,1,2,2,1,1,2,5,4,1,1,1,2,1,3,3,4,5,4,1,3,2,1,5,1,3,5,1,5,3,1,5,2,4,2,1,3,31.3022898594746,75.26933170989125,88.30582177323278
4,4,1,4,3,3,3,2,3,1,1,1,1,1,1,2,1,2,1,1,1,1,1,1,1,3,1,2,4,1,1,2,1,2,1,2,1,1,1,1,2,1,2,2,2,2,4,1,5,1,5,5,1,5,3,5,4,1,5,5,1,5,5,1,5,1,4,3,4,5,32.83287897705295,51.76942653202694,112.15848464410067
2,3,3,2,2,3,4,4,2,4,2,1,2,1,1,2,1,2,1,1,4,1,1,1,2,1,1,3,1,1,2,2,2,1,3,1,4,1,2,1,3,2,4,1,2,2,4,4,3,4,5,5,2,5,4,4,5,1,2,5,1,4,5,5,3,2,5,1,4,5,23.789246235242125,62.651218364834335,94.41208661264295
3,4,1,4,1,2,4,2,1,3,5,1,1,1,1,1,3,3,4,1,3,4,5,1,5,3,1,1,5,1,3,4,2,3,4,1,2,1,2,5,3,2,2,2,2,2,4,1,1,1,3,4,1,4,5,3,5,4,5,5,1,5,5,3,3,2,4,2,4,5,33.942767500211005,90.41051083302095,93.55754980405457
4,4,1,3,4,2,4,2,2,4,1,1,1,1,2,1,4,1,3,2,1,1,1,2,4,2,2,1,1,1,1,2,1,2,3,1,1,1,1,1,1,1,1,1,3,4,3,2,3,1,5,5,2,5,3,4,2,4,3,4,1,5,4,2,2,5,5,3,4,4,29.402186571614482,57.93896163817425,88.91699792645504
2,4,1,1,3,4,4,4,4,2,4,5,5,2,3,2,2,3,4,2,5,4,5,3,5,4,1,4,4,2,5,1,1,3,3,5,4,1,3,5,5,1,3,4,5,3,3,3,2,2,4,1,2,1,5,5,2,4,5,3,1,4,5,4,3,2,1,3,5,3,25.646664072765454,120.87920552471368,75.32960769764192
2,4,4,3,1,1,3,2,3,3,2,2,1,2,1,4,2,4,2,1,2,2,1,2,1,5,3,5,3,1,5,3,5,3,2,2,1,3,1,1,4,1,1,2,3,3,5,1,1,2,4,5,1,2,1,4,3,1,2,2,3,5,4,1,3,1,1,5,2,4,24.808846752152157,85.75202828375878,84.84436664717276
4,2,3,3,2,2,3,2,4,2,1,1,5,1,2,2,1,2,3,1,2,1,1,2,3,3,1,2,1,1,2,2,2,4,1,2,1,2,2,1,1,2,1,2,2,5,1,2,5,1,2,5,5,5,1,4,3,5,5,5,2,3,4,1,1,4,5,2,5,3,26.287371292532743,67.75081860309464,86.77495695801151
2,3,1,4,3,2,4,1,1,3,1,4,1,1,1,3,1,2,1,3,1,4,1,2,2,2,1,1,2,4,1,1,1,2,1,2,2,3,1,1,3,4,1,1,2,2,5,1,5,3,3,4,3,4,4,4,4,2,3,3,4,4,5,5,3,1,2,2,5,1,30.854959616793398,65.56166807919683,83.70429507956445
4,4,3,2,3,4,3,3,1,1,1,1,1,1,1,1,1,1,2,1,2,1,1,1,1,1,1,1,1,1,1,1,2,1,1,1,1,1,1,1,1,1,1,1,1,1,4,4,4,2,4,4,2,4,4,2,1,4,5,1,2,1,4,1,5,4,1,1,3,5,30.782004858461484,38.746470879916636,78.09392341377696
4,1,4,3,3,3,3,1,4,2,5,4,1,4,1,2,1,5,5,1,5,3,2,2,1,1,1,1,2,3,4,2,2,1,1,1,4,2,4,2,1,1,4,3,4,1,3,5,4,3,1,5,5,4,1,5,5,2,5,4,2,5,3,4,5,1,2,1,2,1,25.413495309178977,87.36111983479651,84.11097665609856
4,4,1,4,2,4,4,1,2,1,1,1,4,5,1,3,2,2,1,3,3,4,1,1,1,2,2,1,2,4,1,1,3,1,2,5,2,5,1,3,2,5,2,4,3,4,3,4,3,2,5,3,4,4,3,5,2,3,3,5,1,5,4,2,5,2,2,1,5,3,37.80435378528989,87.61303497978471,89.29081157857688
4,1,2,4,4,4,2,1,3,1,3,1,1,4,1,2,3,1,3,3,1,1,1,1,3,1,1,1,1,1,2,1,1,1,1,2,1,1,1,1,2,1,2,2,1,1,5,3,3,1,3,5,5,4,3,5,5,4,4,5,4,5,4,4,2,2,5,1,3,3,29.36395195816529,55.01339899317426,88.35757527984548
2,3,3,4,2,3,1,3,1,1,2,4,3,4,4,1,4,1,2,4,5,2,2,3,1,2,2,1,4,4,2,4,1,4,4,2,3,3,3,1,5,1,1,2,2,4,3,4,1,2,2,4,1,4,3,4,2,1,1,2,2,3,3,4,4,4,4,4,3,5,27.840977879160164,96.77043121158808,73.65502768611785
4,4,2,4,3,3,4,3,3,1,1,5,4,1,5,5,4,4,4,1,4,3,1,3,5,5,5,4,1,5,5,2,3,3,5,1,2,4,4,2,3,4,4,2,2,4,4,5,3,1,2,5,5,3,3,1,4,1,3,1,1,5,3,2,2,1,4,1,4,3,32.40469175506573,120.25458191486956,81.13932771804919
2,3,1,4,1,4,2,1,4,1,5,1,1,3,2,1,2,5,2,5,2,2,4,1,2,5,5,3,3,1,1,5,3,1,4,1,5,3,2,5,1,2,1,4,4,1,5,1,3,3,4,5,5,4,4,2,4,3,4,3,5,5,4,1,2,3,3,1,3,2,31.740275778152288,97.7204382797781,80.77688014061995
4,3,1,2,2,1,4,1,3,1,4,1,3,1,3,3,3,1,1,3,5,3,1,2,4,4,1,2,1,4,1,1,1,1,3,1,2,3,2,2,3,4,1,1,1,4,3,2,4,5,2,4,2,2,5,5,4,1,5,4,1,3,4,3,5,1,2,1,5,2,30.737060157111916,80.75335114410885,87.1297733891329
2,3,2,1,4,4,2,2,3,1,1,2,2,3,2,1,1,4,1,1,4,1,2,1,2,4,3,5,3,3,4,2,3,1,5,2,5,2,3,5,2,1,1,5,4,4,2,1,4,4,1,3,1,4,2,5,2,3,2,4,4,4,3,1,3,2,5,1,4,4,25.105302206419978,94.94429194389465,84.67794648995145
4,4,2,4,1,3,4,1,1,1,1,4,1,2,3,1,2,5,2,2,3,3,3,3,2,4,2,2,3,1,1,5,1,5,2,4,1,2,3,2,2,1,4,4,2,3,4,1,5,1,5,4,1,5,1,5,4,2,4,5,1,5,5,1,5,1,4,3,5,4,37.66759794909505,90.86383026179712,111.34096814297496
4,4,2,1,4,2,3,1,4,3,1,2,2,2,4,2,5,4,5,4,2,5,4,2,1,1,5,3,4,3,5,5,1,1,3,5,3,3,5,5,4,2,1,5,5,5,5,3,4,3,1,5,2,3,5,1,1,1,5,1,3,3,5,1,4,2,3,5,3,5,25.137283136611256,119.18325866161634,78.38081991539087
4,4,1,4,1,4,4,1,1,1,1,1,1,1,1,1,1,1,1,1,1,1,1,1,1,1,1,1,1,1,1,1,1,1,1,1,1,1,1,1,1,1,1,1,1,1,2,1,3,1,5,1,2,4,1,5,5,1,5,4,2,1,5,3,5,3,5,5,5,4,41.83963794142578,29.905429356895837,93.58149097094756
4,4,3,2,2,4,3,4,4,3,1,1,1,1,1,1,1,1,1,1,1,1,1,1,1,1,1,1,1,1,1,1,1,1,1,1,1,1,1,1,1,1,1,1,1,1,5,4,4,3,3,4,3,4,4,4,4,2,1,4,1,4,4,1,2,2,3,2,3,3,26.08591345693405,30.91048097443091,84.03763382968344
4,4,4,2,3,3,1,3,1,3,2,5,5,5,2,1,2,2,3,1,5,5,2,1,5,3,3,5,5,1,1,1,2,4,2,4,2,4,1,3,1,3,2,2,1,2,1,2,5,1,5,5,3,1,2,3,5,4,1,1,1,3,4,3,5,1,5,2,3,1,25.183681923874055,98.36224712271648,82.75573285168774
4,4,1,4,1,4,4,1,1,1,2,1,3,3,1,1,5,1,4,1,1,4,5,2,3,3,1,2,1,3,2,1,1,3,1,3,1,4,1,3,2,4,4,2,3,3,4,1,4,2,3,3,1,2,5,3,4,4,5,1,4,1,5,1,3,1,5,1,5,5,40.06820475968774,84.70672033152009,87.40034263346408
2,2,2,1,1,4,2,4,3,2,5,2,2,5,3,2,3,1,1,3,1,4,1,1,4,4,5,2,2,5,1,3,5,5,3,4,4,5,5,4,3,2,2,2,4,2,4,5,4,3,1,3,1,5,5,1,3,5,3,4,5,2,2,4,4,4,2,3,3,4,24.396999761913875,110.09270186181001,64.32636653339792
4,4,1,4,1,4,4,1,1,1,2,4,1,1,4,1,2,2,1,3,1,3,3,3,2,1,1,4,4,4,5,1,5,4,5,2,4,4,2,2,1,2,2,1,2,3,4,2,3,3,4,5,5,5,3,5,5,4,5,5,1,3,4,5,3,5,3,3,5,5,39.815665393048576,91.8965793389441,87.2889033613016
3,4,4,1,4,2,4,3,4,4,5,5,5,5,3,2,5,5,5,5,2,3,3,5,4,4,3,5,5,4,2,4,3,5,4,4,1,5,5,5,5,5,3,5,3,4,2,4,2,4,1,5,1,3,1,3,4,4,5,4,4,1,1,1,1,3,3,3,1,3,19.795360397105206,146.13189870603912,67.62856415534694
3,4,1,4,1,3,2,1,1,1,1,1,1,1,1,1,1,1,1,1,1,1,1,1,1,1,1,1,1,1,1,1,1,1,1,1,1,1,1,1,1,1,1,1,1,1,5,3,5,1,5,4,4,4,2,4,2,1,5,5,4,4,5,1,2,1,3,4,5,2,36.462698777052275,20.57948493429278,92.92100632788615
2,4,1,4,1,2,2,3,2,2,4,1,3,1,5,1,2,1,1,5,2,3,4,2,1,2,2,2,3,2,2,4,4,1,3,1,1,1,1,2,1,3,3,3,5,3,1,1,2,1,3,3,4,2,5,3,5,4,5,5,4,5,4,3,5,3,5,2,3,2,29.500974941997,84.77937011948322,80.26098509297898
4,3,1,3,1,4,2,2,3,1,1,1,1,1,1,2,1,1,1,1,2,1,1,1,1,1,3,1,2,2,1,1,1,1,1,1,1,2,2,1,1,1,1,1,1,1,5,2,2,1,4,5,1,3,2,5,4,2,2,4,2,3,5,1,3,1,4,5,1,4,32.98929196902154,44.23129712058888,91.46391216560728
3,4,2,2,1,2,4,3,2,2,2,4,1,1,1,2,2,1,4,2,4,3,2,3,2,4,1,4,4,5,5,2,5,1,3,2,3,5,4,5,1,2,3,2,1,1,3,2,4,1,2,3,4,5,1,3,5,1,3,5,4,4,5,5,5,3,5,2,4,4,30.150802602668666,96.58940285138772,90.53971718776053
4,2,3,1,3,3,3,3,3,3,1,1,1,1,1,1,1,4,2,2,3,1,1,2,2,2,2,1,2,1,1,2,1,1,1,1,3,1,3,1,1,1,2,2,1,1,5,1,5,1,3,5,4,5,1,4,3,1,4,4,2,4,4,2,4,2,2,3,2,5,23.119239076899795,55.12246544021959,96.05852429866216
3,4,4,4,1,1,3,1,2,1,2,1,1,4,1,1,1,1,1,1,4,1,1,2,2,1,2,1,1,3,4,1,2,2,1,1,1,1,1,3,1,1,1,1,3,1,4,1,5,2,4,5,2,3,1,5,4,1,5,4,2,4,4,1,5,1,5,4,4,5,31.348308856420886,57.42031922301798,104.93866995750585
2,3,1,2,2,4,4,1,2,4,5,3,5,2,5,3,2,4,4,4,1,2,5,2,4,2,2,4,1,3,3,5,3,5,2,4,3,3,5,3,4,2,2,4,1,4,4,4,2,3,5,1,1,4,4,5,2,3,5,5,3,5,1,2,5,1,2,3,4,2,30.124702632935442,115.7236107657184,81.66290866432814
4,4,1,4,1,4,4,1,1,1,4,1,3,1,5,4,4,2,5,2,3,3,1,3,2,5,3,4,1,4,5,2,1,2,1,4,1,5,3,5,4,1,3,3,4,1,3,4,5,4,3,3,1,5,4,5,3,1,4,5,1,4,4,3,2,1,5,4,4,3,41.11071915917255,105.23036918805091,88.67825695028586
4,3,2,4,1,4,3,1,3,1,5,3,1,3,4,1,4,4,1,1,5,3,2,2,1,1,1,4,3,1,1,4,3,1,1,2,1,4,4,4,3,4,2,1,3,1,4,1,5,1,5,5,1,5,1,5,2,2,4,5,2,5,4,1,4,3,2,1,3,3,34.958911773065424,88.52138780189105,101.8464770903359
3,1,1,3,2,1,2,2,3,3,2,5,3,5,5,5,1,2,3,1,2,5,2,5,5,3,3,5,3,5,4,1,4,3,3,5,4,3,5,3,2,3,3,2,1,1,3,1,3,1,2,1,3,5,3,5,5,1,2,3,4,3,3,2,3,1,3,1,4,4,24.021349825649168,116.58473115002276,86.39303799849105
1,1,1,3,4,2,2,3,3,3,4,1,1,1,1,3,1,2,2,2,1,1,2,2,2,5,3,3,3,4,2,5,1,2,2,1,1,2,2,1,3,3,2,1,1,1,2,3,5,5,4,2,3,3,4,1,3,5,3,1,1,3,1,5,2,3,1,5,5,2,19.537777910442948,73.99320438809615,58.293819991382534
4,3,3,3,1,2,3,3,2,3,4,4,5,2,1,4,3,3,5,1,5,4,4,2,2,1,4,4,2,1,3,3,5,3,4,4,5,1,2,3,3,4,2,1,1,3,4,1,4,1,3,5,3,3,1,3,2,1,4,2,1,3,2,1,3,2,5,1,5,5,27.94971447183866,107.82770073825978,95.01408119561921
2,3,1,4,2,4,3,2,3,3,5,5,2,1,1,3,5,3,2,5,2,4,5,4,5,5,5,2,5,5,4,1,2,2,4,5,5,5,2,5,5,4,3,2,3,3,3,5,3,1,1,4,1,4,4,4,3,3,2,3,2,1,2,5,4,5,5,5,2,2,29.889854432603688,129.18885441329633,65.53195490398764
1,4,4,2,2,1,2,4,1,4,5,3,2,4,4,3,3,4,1,2,1,5,1,5,5,2,4,1,2,3,3,3,4,2,5,1,5,1,4,2,3,2,4,3,2,2,5,2,5,1,5,1,4,4,5,5,5,3,4,1,5,3,2,4,5,2,2,4,2,5,19.85044141617033,105.5702789436243,77.9792774326702
2,3,3,3,3,4,2,2,1,1,1,1,1,1,1,1,1,1,1,1,1,1,1,1,1,1,1,1,1,1,1,1,1,1,1,1,1,1,1,1,1,1,1,1,1,1,5,5,2,2,5,5,2,4,1,5,2,2,4,3,2,2,4,1,2,2,4,1,5,4,29.28669385723684,24.658664142386122,91.67540255611146
4,2,3,3,2,2,1,3,4,3,4,4,5,3,3,4,4,1,2,4,1,4,3,4,5,5,2,2,4,5,4,4,5,2,5,4,1,4,2,5,2,3,3,4,3,1,5,1,3,1,1,3,3,3,5,2,2,3,2,3,4,4,3,4,4,2,5,1,4,4,22.10355144546483,120.83101223699134,77.54745845834063
2,2,2,2,1,1,4,3,2,4,3,2,2,3,2,5,4,3,2,2,1,1,1,4,2,4,2,1,2,1,3,3,4,1,3,2,1,1,1,2,3,3,2,3,2,1,5,4,5,2,2,2,4,5,4,1,3,4,1,3,2,4,5,3,2,5,3,1,1,3,24.16279962116565,81.81982465852121,70.48013238356751
2,3,1,2,3,3,4,2,3,1,5,1,1,5,2,4,2,2,3,5,4,1,1,4,3,5,2,2,4,4,1,4,4,3,3,5,1,4,3,5,1,5,4,3,5,1,3,3,3,4,5,3,4,2,2,1,2,1,3,4,5,1,5,3,4,3,5,2,1,2,29.117338513557193,111.7714307361337,71.10696380023883
4,3,1,2,1,4,2,1,4,1,1,1,1,1,1,2,1,1,3,1,3,3,1,1,1,2,4,1,1,3,1,2,2,2,2,1,1,1,1,2,1,2,3,1,1,5,3,1,4,1,5,3,5,1,2,2,5,2,4,3,4,2,3,2,5,4,5,4,4,4,32.31827545412779,61.29449088577971,82.29148213241587
2,4,1,1,4,3,3,2,1,1,1,1,4,1,1,1,3,1,1,1,1,2,1,2,1,1,2,1,3,1,1,2,2,1,2,3,1,1,1,4,2,1,1,1,1,1,4,2,5,1,4,1,4,5,1,4,4,2,5,1,4,3,1,4,5,3,3,5,5,5,28.866837050638225,55.29755809573018,82.69868193718679
4,3,4,1,1,1,1,4,1,2,5,5,5,5,5,5,5,3,5,4,3,4,5,5,5,2,5,5,3,5,3,5,5,5,5,5,4,5,4,5,5,4,2,2,5,3,4,4,5,3,4,3,1,1,3,2,4,4,1,3,2,1,5,4,2,4,4,5,4,3,22.705594140611158,156.4963090139212,70.00730931707889
3,3,2,4,3,4,1,4,1,4,1,5,4,4,3,1,2,1,2,1,4,1,3,1,4,2,4,5,2,5,2,1,5,3,4,2,3,3,3,4,1,5,1,1,1,5,4,2,1,5,2,1,3,4,3,3,2,2,5,4,2,4,3,1,4,3,3,3,5,3,25.519220936186237,99.36095079140424,78.45217491860502
1,4,2,4,1,3,3,4,1,4,4,1,5,3,1,2,1,3,2,4,5,5,1,5,5,3,1,2,1,3,3,4,4,5,4,4,2,1,1,4,1,4,3,3,2,2,1,3,4,2,4,5,5,5,1,5,2,2,4,5,2,2,5,2,2,3,4,2,4,4,28.223294015496872,104.18983443098485,88.4427837376122
3,4,4,1,1,1,3,1,4,1,2,4,3,4,2,2,2,1,1,1,4,3,1,1,2,2,1,2,5,1,2,1,2,2,1,4,1,1,1,1,5,1,1,2,4,1,2,2,5,5,4,2,4,5,1,1,4,3,5,1,3,3,4,3,5,5,5,1,5,3,26.47502122854237,74.35688043239782,80.97114324821993
1,1,4,2,3,2,3,4,3,4,1,3,1,1,1,2,1,2,1,3,2,1,2,2,2,4,4,1,1,1,3,3,1,1,2,1,1,3,2,1,2,3,5,1,2,5,3,1,5,2,5,3,3,1,2,4,4,2,5,3,4,5,4,1,5,4,5,1,2,1,16.469820048103177,72.01687839524249,89.39939273472879
4,4,1,4,1,4,3,1,1,1,1,1,1,1,1,3,2,1,2,1,2,3,3,1,1,1,1,3,1,2,1,1,1,2,1,2,1,2,3,1,2,1,1,1,1,1,5,2,5,1,5,5,3,4,1,4,5,2,5,4,4,3,3,1,5,1,5,3,3,5,38.76234067101426,53.51406713732834,101.81399903271554
3,1,1,4,2,3,2,1,1,2,3,3,5,5,5,5,4,3,3,5,5,4,5,5,5,5,5,5,5,5,5,5,4,5,5,5,5,5,5,5,4,5,5,4,5,5,2,2,5,2,1,1,2,5,1,3,4,2,5,5,3,3,5,3,3,2,2,5,5,5,31.22933756263035,167.4926453016642,85.87500590758839
4,2,3,3,1,2,1,2,1,1,1,1,5,2,1,2,1,3,1,2,1,2,1,1,1,1,1,1,5,1,1,1,2,1,1,3,2,2,2,1,1,1,2,2,1,1,5,3,3,4,2,4,4,2,2,4,5,1,2,3,2,1,3,4,1,4,5,4,1,5,28.74886336201451,57.87374449785044,71.97639826632127
4,4,2,4,1,1,3,2,4,1,1,1,2,1,1,1,1,1,1,2,1,3,4,1,2,4,1,1,1,4,1,1,1,1,2,1,3,2,4,1,1,1,2,1,2,1,1,3,2,1,3,4,1,3,5,5,3,4,1,4,4,3,5,2,4,3,5,3,3,1,30.620545862485784,58.984399728937895,75.10894167931316
3,4,3,4,4,1,4,4,1,3,2,3,1,2,1,2,1,1,2,1,2,2,1,1,1,1,5,2,2,1,4,2,1,1,1,4,1,1,1,1,2,1,1,4,1,1,5,1,5,1,5,5,1,5,1,1,1,1,5,5,3,2,5,4,5,3,5,1,5,4,25.81943358408813,61.46327618999351,101.34657762000926
4,4,1,4,1,3,3,4,2,1,1,1,1,4,1,1,1,2,4,2,1,5,2,1,2,2,1,3,1,1,1,2,1,1,3,2,1,3,2,2,3,1,4,2,5,1,2,2,4,1,3,4,1,2,2,3,5,1,5,5,1,5,5,1,5,1,5,2,5,5,34.45096917350257,71.03058121053344,104.87593530850549
1,2,1,4,2,2,4,1,2,2,3,1,1,3,4,1,1,1,3,1,1,1,2,1,2,3,3,1,1,3,1,2,1,1,1,1,3,1,1,1,2,2,1,1,1,1,5,1,4,1,5,5,1,4,1,3,2,2,3,3,1,5,5,2,5,1,4,1,2,5,29.90834372264647,57.72599277489816,103.48356801620459
2,4,1,3,1,4,2,2,2,1,1,1,1,1,1,2,2,1,1,1,1,1,1,1,2,1,1,2,1,1,1,1,1,1,4,1,1,1,1,1,3,2,1,1,1,1,3,3,4,1,2,4,1,2,2,3,4,5,4,5,1,5,3,3,5,1,3,4,5,5,32.515189009239926,46.268388306410095,90.34694849353744
1,4,1,2,3,3,2,4,1,3,1,2,2,1,1,5,1,1,1,1,1,1,2,1,1,2,1,2,1,3,2,1,1,3,1,3,2,1,1,2,3,1,1,1,1,1,3,2,4,1,5,4,2,5,4,5,1,2,2,3,1,5,5,2,4,3,4,2,5,4,24.525756773641323,56.00381324318338,93.62087263669595
4,4,1,4,1,4,4,1,1,1,1,1,1,1,1,1,1,1,1,1,1,1,1,1,1,1,1,1,1,1,1,1,1,1,1,1,1,1,1,1,1,1,1,1,1,1,5,1,5,1,5,3,1,4,1,3,5,1,5,5,2,5,5,4,5,2,5,1,4,4,40.25598119144188,16.869214337087442,107.7759439222834
2,4,2,3,4,2,4,3,2,3,2,3,2,2,2,3,1,4,3,1,2,1,1,4,1,1,1,3,4,2,4,1,2,3,1,2,2,3,3,5,1,1,2,1,4,1,4,3,4,3,5,2,2,1,5,3,1,2,5,4,2,4,3,2,4,5,2,2,3,4,25.796447496336636,78.56952999664402,76.76935514745334
4,2,1,2,4,1,4,4,3,1,1,5,2,1,2,5,4,4,4,1,3,5,2,1,1,1,3,1,2,4,1,4,1,3,4,4,1,5,5,2,3,3,3,3,1,2,4,5,3,1,1,5,3,1,2,3,2,4,2,5,4,1,3,1,4,2,1,1,2,3,24.59143025173548,96.89667562955894,71.02834882772123
4,1,2,4,1,2,3,2,2,1,3,2,1,1,2,2,2,1,4,4,1,1,4,2,1,2,1,1,3,1,1,2,3,4,2,4,1,4,2,2,2,1,1,3,3,4,4,1,3,1,4,4,5,2,1,3,1,1,5,2,1,1,2,1,4,4,3,1,5,3,30.99893175420836,78.30722297814455,84.37694292266778
2,1,2,3,3,1,4,3,3,1,1,1,5,3,2,2,5,2,4,2,2,1,4,2,4,1,2,2,3,1,1,3,1,2,5,2,2,3,2,2,1,1,3,1,1,1,5,2,2,2,5,1,2,3,3,4,5,1,3,4,1,4,5,1,1,1,1,2,3,4,24.34532512145656,79.56669742507347,88.65144826140681
3,3,1,3,3,1,4,1,1,1,1,2,4,1,2,1,1,1,1,1,1,1,1,1,1,1,1,1,2,3,1,1,1,1,2,1,2,1,3,1,1,1,1,2,1,1,5,2,5,2,2,5,4,4,2,4,4,4,5,4,1,5,5,1,2,5,5,1,3,3,32.300600619909495,48.50818926011762,92.70624902663988
4,4,2,3,2,4,1,1,1,1,1,1,1,1,1,1,1,1,1,1,1,1,1,1,1,1,1,1,1,1,1,1,1,1,1,1,1,1,1,1,1,1,1,1,1,1,5,1,3,1,5,2,4,4,2,5,5,1,5,3,1,5,5,1,5,1,4,2,4,1,33.71528605452011,25.18510048534702,101.28995893589295
3,1,1,2,2,3,2,2,2,3,1,3,3,2,3,4,5,5,2,1,5,2,2,4,3,4,5,2,1,3,4,2,5,4,4,2,3,4,1,2,4,3,1,2,3,5,3,1,5,1,5,2,1,4,4,1,2,3,2,1,5,3,5,5,2,2,2,5,3,4,25.72877624196925,109.07447005125516,70.95795969448059
1,1,3,3,1,2,2,3,4,4,3,2,1,4,1,3,2,1,1,1,1,2,1,1,1,2,1,1,2,2,1,5,1,1,3,2,3,2,1,1,3,1,1,1,2,1,3,3,3,1,4,3,1,4,3,2,4,3,1,2,2,1,3,1,4,3,5,2,2,4,19.277158670503503,61.89077098236787,80.09818532812145
1,4,1,4,2,4,4,4,1,3,1,1,1,1,1,3,2,2,1,1,1,2,1,2,1,2,2,1,2,1,1,1,1,1,4,1,1,1,1,3,1,2,2,1,2,2,5,3,3,2,4,3,1,3,2,5,3,1,5,5,1,3,4,2,3,2,5,3,3,5,30.938302953189055,53.95891892720558,96.16419880488229
3,2,3,3,2,1,1,4,2,4,3,2,2,3,5,2,5,4,2,2,4,1,4,5,1,5,1,4,3,4,1,4,2,4,1,3,2,3,4,4,2,1,4,1,4,3,4,4,5,3,3,4,5,1,4,1,3,1,1,4,2,3,1,5,1,5,3,2,3,3,20.086885342844788,104.68674709092464,62.70445516920874
3,4,4,1,1,2,3,3,1,3,2,1,3,3,3,3,2,5,3,3,2,1,5,1,3,2,1,3,3,3,1,3,5,1,1,4,2,4,5,2,1,3,1,1,5,3,5,2,1,4,2,4,5,4,2,3,2,5,2,5,1,5,5,5,3,5,4,2,3,1,25.78970624101722,93.91777508265425,72.08879859012822
2,3,3,2,1,3,2,3,1,2,1,3,3,2,4,4,5,1,4,5,4,3,4,5,4,2,1,5,2,5,1,3,5,2,2,2,3,3,5,2,5,2,4,3,4,5,3,3,4,4,1,2,4,1,5,3,4,1,3,2,1,5,5,1,4,3,1,5,5,3,27.29934019813061,117.70922754016047,72.86476334379432
4,2,2,4,3,3,4,1,1,1,1,1,1,1,1,2,1,1,1,1,1,1,1,1,2,1,1,1,1,1,1,2,1,1,1,1,1,1,1,1,1,1,1,1,1,1,2,1,4,1,2,2,2,5,2,2,5,1,4,5,1,5,5,1,5,1,5,2,3,4,34.19145114480772,39.494242017760655,99.61666915804949
4,3,1,4,1,4,3,1,1,1,1,1,1,1,1,1,1,1,1,1,1,1,1,1,1,1,1,1,1,1,1,1,1,1,1,1,1,1,1,1,1,1,1,1,1,1,5,2,3,2,1,3,1,4,2,2,5,1,4,4,4,3,5,3,5,1,5,1,5,5,37.61351722759417,-7.411572523681926,95.65489862861557
3,4,2,3,3,4,2,1,1,1,1,1,1,4,1,2,2,1,2,1,4,3,2,2,2,3,1,3,2,1,2,3,1,2,2,3,1,3,3,1,2,3,1,1,1,2,1,2,5,2,2,4,1,5,1,5,3,1,2,5,1,4,3,3,5,2,5,2,3,2,32.73073321623195,69.66558829331423,92.86602142826457
3,4,4,4,4,2,2,2,1,3,1,2,2,1,2,3,2,1,4,5,3,5,1,3,4,5,1,5,3,3,2,2,3,2,5,3,1,4,1,1,3,2,4,2,2,1,4,5,5,3,2,2,1,5,4,4,4,5,5,5,3,5,3,4,1,4,1,2,5,5,26.059974211069374,94.37726924348897,79.12499095736956
4,4,1,4,1,4,4,3,2,2,5,2,2,2,1,1,3,1,4,1,1,2,1,5,2,2,3,1,2,1,1,1,1,3,1,2,1,4,4,1,3,2,2,3,2,2,3,4,5,1,5,4,2,4,1,5,2,1,4,4,1,5,5,2,3,3,4,2,3,2,36.067136596916946,74.58243993720158,94.52154506244054
3,1,1,2,2,3,4,3,2,3,1,3,2,1,3,4,2,3,3,2,1,1,1,2,2,1,3,2,1,4,1,1,1,2,1,4,3,5,3,3,1,1,1,1,1,4,5,1,3,1,3,2,1,1,1,2,2,5,3,5,2,4,3,1,5,2,4,5,2,1,27.145025399873344,75.23943841751073,79.84494871714601
4,3,1,1,4,4,3,1,1,1,1,1,1,1,2,4,2,1,1,2,1,4,1,1,1,1,2,1,3,1,5,1,1,1,2,3,2,1,4,2,1,1,1,4,4,1,5,2,5,1,3,5,1,3,2,5,4,1,5,2,4,3,1,1,4,2,5,2,2,2,31.69927276650722,65.95094965793999,91.75225611258132
4,4,1,4,1,4,4,1,1,1,3,4,1,1,1,2,1,2,5,5,4,2,3,1,2,1,1,1,3,3,1,1,1,1,1,2,3,3,2,4,4,4,2,1,1,3,1,1,4,3,3,4,5,5,3,3,5,4,5,5,2,5,5,2,4,2,1,1,5,5,41.19348041763052,79.66502077869728,91.41782262837152
3,3,1,3,1,4,4,2,1,1,2,1,3,3,1,1,1,1,1,3,1,2,1,3,3,1,1,2,1,1,1,1,1,1,2,1,1,1,1,2,1,2,1,2,2,2,5,1,3,2,2,2,5,3,1,4,1,3,5,4,5,4,2,1,2,5,5,5,3,3,36.25596391451898,55.11582047988368,74.07463478213093
3,3,3,1,2,4,4,3,4,4,1,2,3,1,1,2,1,2,1,1,1,1,1,1,1,1,1,1,1,2,1,1,1,1,1,1,1,1,1,1,1,1,2,2,1,1,3,1,2,5,5,5,4,3,1,5,3,1,1,3,4,4,5,3,4,3,4,2,2,3,23.777560663863163,43.84670724194325,82.17758676127225
4,2,4,3,1,3,3,3,1,1,2,1,4,1,3,5,4,4,5,2,5,2,5,5,5,5,3,3,5,3,4,1,1,4,5,3,5,3,5,4,3,1,5,5,5,5,5,4,5,5,5,4,1,5,3,5,5,1,3,3,2,2,3,4,4,2,2,5,1,3,29.575387174739394,131.3338276489397,81.66938855559206
4,1,3,2,3,3,3,1,2,1,5,1,4,2,2,5,5,4,5,4,4,5,1,2,2,4,5,4,2,1,3,2,1,5,3,1,2,3,2,2,4,5,1,5,1,3,4,1,2,4,4,3,3,2,2,1,3,4,1,1,5,1,5,2,1,5,1,2,2,2,28.233850760050338,110.337536499984,58.62989793834226
2,4,2,1,1,3,4,3,1,1,5,3,3,2,4,5,4,1,4,2,4,2,3,4,1,1,3,2,1,4,4,4,2,3,4,3,1,3,5,1,3,4,2,1,1,3,4,2,2,2,4,1,1,4,4,3,3,2,1,4,5,2,2,2,1,3,4,3,2,2,30.802138281026565,102.34273367651056,68.89084046869901
4,3,2,4,1,3,4,2,1,1,1,1,1,3,5,3,3,1,3,3,1,2,1,2,3,1,1,1,2,4,2,1,2,1,1,1,5,4,1,2,2,4,1,3,3,2,5,3,3,1,5,4,3,4,2,2,2,2,5,5,3,5,2,4,3,1,1,2,3,5,35.931423352026265,77.32769946619678,86.69198774988675
3,3,2,3,1,4,4,3,1,2,3,5,5,3,2,4,4,5,5,5,1,5,5,1,3,5,3,5,5,4,5,4,5,4,5,5,5,4,1,5,5,1,3,4,2,4,5,1,2,1,5,1,3,3,5,3,5,3,3,2,1,1,3,2,5,4,5,1,5,1,33.04538876955827,139.8456527386777,81.85956153409346
4,4,4,4,2,4,4,3,4,1,4,1,3,1,3,2,2,4,1,2,1,4,2,1,1,1,1,1,2,1,1,3,1,1,1,2,1,2,1,4,1,2,2,2,4,1,2,4,3,5,4,3,1,5,3,5,2,1,1,4,4,4,3,2,5,2,5,4,1,5,30.8733387004221,66.88126668800388,79.84185797409341
4,4,1,2,1,4,4,3,2,2,1,1,3,1,1,1,2,1,1,1,1,3,1,1,1,1,1,1,1,1,1,2,2,1,2,1,2,1,1,1,1,1,1,3,1,1,4,1,4,1,4,3,1,5,2,1,4,2,4,2,1,5,5,2,3,5,5,1,3,4,34.161198119692074,47.41692287522031,94.05477718996111
4,3,2,2,1,1,3,3,4,1,4,5,5,4,1,5,2,1,1,2,1,2,5,5,2,4,4,3,3,3,1,2,3,2,3,4,2,1,1,3,1,5,3,4,2,5,1,3,3,1,5,5,1,4,1,3,3,2,2,3,1,5,1,5,2,1,4,1,3,1,26.773489041351304,103.87751912013687,83.19644051190907
4,4,1,4,4,4,4,2,1,2,1,1,1,1,3,2,1,1,2,1,3,1,2,2,1,1,3,1,1,3,1,1,1,1,1,2,3,2,1,1,2,1,1,1,1,2,5,2,2,3,5,4,2,3,3,2,3,1,5,5,2,4,5,1,2,1,4,4,4,3,35.331512874606666,54.46518804683595,90.7017130074297
1,4,2,1,1,2,2,3,2,3,3,3,2,3,4,1,3,2,1,5,5,3,3,2,3,1,3,1,2,1,1,1,2,1,2,2,1,5,3,1,3,3,5,1,1,1,4,1,5,5,5,5,3,3,3,2,1,1,5,3,1,3,2,2,4,1,3,3,1,4,23.943178338171343,84.35546731069732,83.99796871935575
4,4,4,4,1,3,3,1,1,2,1,2,1,2,1,1,1,1,1,1,1,1,1,2,1,1,1,1,2,2,1,1,1,1,2,1,1,1,2,1,1,2,2,1,3,1,5,2,4,3,4,4,2,1,1,5,4,1,4,5,1,4,5,2,4,1,5,1,3,5,33.746923987122805,46.540263017280225,101.63932627802102
3,4,2,4,2,4,4,1,1,1,1,2,1,3,3,1,2,1,3,2,1,1,5,1,4,1,2,1,3,2,1,2,3,3,1,3,3,1,3,4,1,3,2,2,2,3,5,1,5,1,5,5,3,4,1,5,5,1,5,5,1,5,5,1,4,3,4,1,2,5,37.12816956774187,76.53421921833178,110.13478865263038
1,4,2,2,3,4,1,2,2,3,1,1,2,2,1,2,3,1,1,1,1,2,1,1,1,2,3,2,1,1,1,1,2,2,2,4,1,2,1,2,1,2,4,1,1,2,5,4,2,5,3,3,3,4,3,2,2,5,4,5,3,1,1,2,4,5,4,5,3,5,25.10089997189343,58.55186521221301,67.31381247229947
4,4,2,4,1,3,4,1,1,1,3,1,1,3,1,2,5,4,1,3,2,3,2,1,3,5,1,1,2,4,2,2,4,4,1,2,4,1,2,3,1,2,1,1,2,1,5,1,2,1,5,4,5,4,1,5,3,5,5,4,4,4,4,5,5,1,4,3,5,4,37.921202723377924,81.49464254044814,91.2227567167606
3,1,1,2,1,4,3,2,1,2,2,2,1,1,1,1,1,1,1,1,1,1,1,1,3,1,1,2,1,1,3,1,1,1,1,1,1,1,1,1,1,3,1,2,1,2,5,3,3,1,5,5,1,5,1,5,5,1,5,5,1,5,4,1,5,1,5,1,5,5,31.052655589928122,47.33386030164262,114.79480732858462
2,3,1,2,1,4,1,1,1,3,3,4,4,1,5,4,1,5,1,2,1,3,1,3,3,1,2,1,2,1,5,1,1,3,1,3,1,1,2,5,1,3,4,1,2,3,4,2,4,3,4,5,5,5,2,4,4,1,5,4,1,3,1,5,5,2,5,4,5,5,30.201215223711333,84.84761961669531,92.29171753467735
3,1,1,4,1,3,2,2,1,1,5,1,3,3,3,3,2,1,5,1,3,1,2,1,4,3,1,3,2,5,2,3,2,1,2,1,1,2,2,2,4,4,1,2,1,1,4,5,5,2,1,5,5,3,2,5,5,2,4,1,5,4,4,5,3,3,4,4,5,5,32.18815800222321,83.24538744052974,79.26961074493839
2,4,1,4,3,3,2,1,2,1,5,1,4,3,3,5,4,1,1,4,1,5,1,5,5,5,5,5,4,3,5,4,4,3,2,5,4,5,3,3,4,3,3,3,5,5,4,1,5,4,4,3,2,5,2,3,5,1,1,5,1,5,4,1,4,3,3,1,2,3,32.13426995258242,130.9380808153912,93.69737153352571
4,4,1,4,1,4,3,2,1,1,1,3,1,3,2,1,1,1,1,2,1,1,1,1,2,2,2,1,1,1,1,2,1,1,1,1,2,1,1,1,1,1,1,1,1,1,1,1,2,5,1,4,1,2,3,3,4,1,3,4,1,2,5,2,5,2,5,1,4,5,38.46987463450881,46.71321651684037,87.19594467559355
4,4,2,3,2,3,1,2,3,2,2,4,1,5,1,5,1,3,1,2,1,1,2,1,2,4,4,5,2,2,3,1,5,2,1,1,2,3,1,2,1,3,5,2,2,4,2,4,3,1,4,3,2,4,1,5,5,2,5,5,1,5,4,3,4,2,2,2,5,2,28.760897659703033,86.85011251874782,94.4813844266563
4,3,4,1,1,1,1,3,3,4,3,5,5,3,5,5,5,5,2,5,5,3,1,3,5,4,4,5,5,5,5,3,5,5,1,5,5,5,5,3,5,5,1,5,5,5,1,3,3,3,5,3,3,4,2,1,4,4,3,2,1,5,2,4,2,5,1,4,1,5,19.912106566640162,150.8837494638214,66.65950215314568
4,2,4,4,1,1,1,2,1,2,3,1,2,1,1,1,1,1,1,1,2,1,2,1,3,1,1,3,4,2,1,1,1,1,1,1,4,3,1,4,1,2,1,2,2,1,4,5,5,2,2,4,4,4,3,3,1,4,3,5,4,1,5,2,2,5,2,1,3,2,27.060280350224144,60.40373949477316,69.82717120647965
4,3,1,1,1,4,4,1,1,3,2,3,2,1,1,3,1,4,1,3,2,1,4,1,1,1,4,3,2,4,2,2,1,1,1,1,2,2,1,3,4,1,1,1,4,3,2,5,4,4,2,3,4,2,2,2,2,2,3,4,1,4,2,3,5,1,5,1,1,5,34.12072799245076,74.17432565156045,77.1370444257843
2,3,2,4,1,1,1,4,4,3,1,1,4,5,1,4,1,5,2,2,1,4,4,1,4,5,4,2,2,2,2,5,1,1,2,4,2,2,4,1,1,4,2,2,1,3,4,2,2,1,5,4,3,5,1,3,4,2,1,3,1,5,4,1,1,2,5,1,5,3,22.156591450871307,91.86121236445408,94.19437414519456
2,2,2,3,3,4,3,1,2,3,1,1,1,1,1,1,1,2,1,1,2,1,1,1,1,1,1,1,3,1,2,1,1,1,1,1,1,1,2,3,1,1,1,1,1,1,3,2,5,3,3,4,4,2,3,4,5,1,5,5,5,5,3,3,5,5,4,3,4,5,28.00515354442378,43.995812913040204,86.53872600270665
2,1,1,4,2,4,3,2,4,2,1,1,1,1,1,1,1,1,1,1,1,1,1,1,1,1,1,1,1,1,1,1,1,1,1,1,1,1,1,1,1,1,1,1,1,1,5,1,5,2,4,5,1,2,2,5,5,2,4,5,5,4,4,5,3,2,5,4,3,4,27.930981137198035,9.938252435583877,92.91502767006484
4,3,3,4,4,2,3,3,2,1,1,5,3,1,5,4,2,4,3,2,3,2,3,4,1,4,3,1,4,2,4,1,5,4,5,2,2,4,4,1,5,2,5,2,3,1,5,2,2,1,5,5,1,5,4,5,3,2,2,5,1,4,3,1,5,3,3,1,4,5,28.167010844259558,106.6813713952556,98.72534025050885
3,4,2,4,1,4,4,2,2,1,1,1,2,1,1,2,3,3,1,2,1,1,1,1,1,1,1,2,2,3,2,4,3,2,2,2,1,1,1,1,2,1,1,2,1,3,4,3,1,1,3,3,3,5,2,4,5,2,4,2,2,1,2,2,5,1,1,2,4,2,35.83433765914104,60.14491454524398,82.16634810517051
4,4,1,4,1,4,4,1,1,1,1,1,2,1,3,2,1,3,1,1,2,1,1,1,1,1,1,2,2,3,1,1,1,1,1,1,1,1,1,1,2,1,2,1,1,1,3,2,5,2,3,4,1,4,1,4,5,2,5,3,1,5,1,2,5,1,5,3,5,5,44.00601497889418,49.46091534648345,101.01426690290951
4,3,1,2,2,3,1,2,3,1,1,1,4,1,1,3,4,1,1,3,1,4,1,1,5,1,5,1,4,3,4,2,4,1,2,2,3,4,2,5,4,1,2,3,3,2,1,1,5,4,5,5,4,2,5,3,4,2,2,5,2,4,3,4,1,1,4,2,4,5,29.335096371245424,89.52138011199497,82.48008780683033
2,3,2,3,4,1,3,2,2,1,1,1,2,1,1,3,1,1,2,5,3,1,2,1,1,3,2,5,3,2,4,3,1,3,5,2,4,4,1,1,1,1,1,2,1,1,4,4,2,1,4,2,5,5,1,5,5,1,4,2,4,2,5,1,2,4,3,5,5,5,26.231243312554433,75.78699176986697,82.9531293465853
1,3,1,2,1,1,3,2,4,1,3,1,2,2,2,1,1,3,2,1,1,3,3,1,3,1,3,4,2,1,2,2,1,3,2,2,1,1,2,4,2,1,1,3,2,2,4,1,3,3,5,2,5,5,2,1,4,4,2,2,1,3,5,1,5,3,5,1,5,1,26.402026991105615,70.60604222384517,85.1423445449428
3,1,3,3,1,1,4,1,3,1,3,2,4,5,5,3,3,5,2,2,4,4,4,3,4,4,3,2,5,5,4,3,3,4,5,3,5,5,1,3,4,5,4,2,4,3,3,5,1,3,2,5,5,1,4,3,3,4,1,5,5,1,1,5,2,1,3,4,1,2,28.03121474838693,130.1849227289242,51.51288831737998
4,2,1,2,1,4,4,1,1,1,5,2,3,3,2,2,3,2,3,1,1,4,3,4,5,3,2,2,4,5,5,5,2,2,4,3,1,1,1,3,2,5,2,3,4,2,1,5,3,3,3,2,4,2,4,4,5,1,1,5,4,1,5,5,3,5,3,3,4,5,35.636324699611585,104.08560246799865,66.67564084220493
3,2,4,4,4,4,3,2,2,1,2,1,1,1,5,1,1,1,2,2,4,2,1,1,1,5,3,3,2,2,1,1,2,1,1,1,1,3,2,4,4,3,3,1,4,5,3,2,4,2,4,4,3,1,2,1,2,1,2,5,3,2,2,4,1,3,1,4,4,4,27.535815602161534,77.61039511915135,70.31344400483249
2,1,1,2,3,2,3,3,1,2,1,3,1,1,2,2,4,1,2,4,2,1,1,5,1,1,1,2,3,1,1,3,1,1,1,2,1,1,1,1,4,1,1,1,1,2,2,1,4,2,5,5,1,5,2,5,3,1,4,4,2,3,5,1,3,2,4,1,4,4,25.07815221462649,62.45356676220099,101.26296231420929
3,3,3,4,2,4,4,1,1,1,2,1,3,2,5,5,3,2,1,5,1,5,4,5,3,1,1,3,3,2,4,3,1,3,5,3,2,2,4,5,2,4,2,5,4,1,3,1,5,2,4,5,4,3,1,3,5,4,4,3,3,5,2,2,4,1,2,1,5,5,34.75618613021007,106.98050804130276,92.89231371991166
2,4,3,2,3,1,3,2,3,3,4,2,1,1,3,3,3,2,5,1,5,2,3,2,3,1,1,3,4,5,2,2,1,1,2,1,3,3,3,1,3,2,3,1,1,1,3,5,1,4,5,2,3,1,2,5,4,2,3,5,1,4,5,1,4,4,2,1,5,4,23.09433265780934,84.14173281382735,84.44910824348307
1,1,1,2,1,2,2,4,2,2,4,1,5,5,4,4,3,4,2,3,2,3,4,1,4,1,4,1,3,1,5,5,5,5,3,3,4,4,2,5,3,5,4,2,4,3,4,4,3,2,5,4,3,1,2,3,4,2,1,2,5,3,1,5,5,2,4,3,2,4,22.568627588988313,120.93004872076355,71.97416257661529
2,2,1,3,2,1,4,3,1,3,3,3,4,5,2,2,4,1,3,1,2,3,4,3,4,1,2,5,5,3,1,1,4,3,3,4,3,4,3,3,5,4,2,4,3,2,3,1,3,5,5,2,2,4,2,1,5,3,5,3,4,1,4,1,3,1,4,1,3,4,27.3543232049741,109.10303391074915,84.03634023689531
4,3,1,3,4,2,2,2,4,1,4,3,2,3,2,1,3,3,4,4,3,4,3,4,5,2,4,4,2,2,5,2,5,1,5,5,4,1,5,5,1,5,4,5,3,4,1,3,3,1,4,3,5,4,5,5,2,4,5,4,4,1,5,5,4,2,3,5,1,3,27.43257594935807,121.77112185875876,67.50116471467828
3,4,1,4,2,2,2,2,1,1,1,2,1,2,5,1,2,5,5,3,3,1,4,3,5,2,4,3,4,1,2,4,1,2,5,1,1,1,2,2,1,3,5,1,2,2,5,5,5,1,4,5,5,2,5,1,5,1,4,2,3,2,5,2,4,1,4,2,3,3,32.9502389968198,91.96154600645747,83.40245909311909
3,4,4,4,1,2,3,3,1,1,1,1,1,1,1,1,1,1,1,2,1,1,1,1,2,1,1,1,1,1,2,1,1,1,4,1,1,1,1,1,2,1,1,1,1,1,5,1,3,1,5,5,1,2,2,5,4,1,5,5,1,2,3,1,5,1,3,5,5,4,31.31339785551777,43.089398529026276,100.70625617517113
3,2,1,2,2,4,3,3,4,1,1,3,1,1,4,1,2,1,1,2,2,1,1,2,2,2,1,4,3,2,1,3,3,3,2,1,1,2,2,4,1,4,2,2,1,2,5,1,3,2,3,3,1,4,2,3,4,4,5,5,3,5,5,1,5,1,1,4,5,5,28.42700754520595,71.07965548363619,95.88947225491131
3,3,3,4,4,2,3,1,3,4,1,2,1,2,1,2,1,2,1,1,1,1,2,1,1,3,1,1,2,1,2,2,1,1,2,2,2,1,1,2,2,3,1,1,1,1,3,3,4,4,1,3,2,2,3,5,1,4,3,2,3,1,4,1,4,1,4,3,1,3,25.49313686518343,52.88887384374111,70.55284371979678
3,3,2,1,1,4,4,1,1,2,1,1,1,1,1,1,1,2,1,1,1,2,1,1,1,1,1,1,1,1,1,1,1,1,1,1,1,1,1,1,1,1,1,1,1,1,5,2,5,1,4,5,4,4,3,5,5,1,5,4,1,5,5,1,5,1,5,1,5,5,32.894177656114636,38.36122940297636,110.7066826065945
3,1,3,1,2,1,2,4,4,2,4,4,5,5,2,5,4,5,5,5,3,5,5,2,4,4,5,4,4,5,5,5,5,5,5,5,5,4,4,4,5,5,5,4,5,5,1,3,1,3,4,2,4,2,3,3,1,1,5,2,5,1,3,4,4,4,5,4,5,5,17.712360927207264,161.0805025859815,67.15527493057508
3,2,1,4,4,1,3,1,1,2,3,2,2,1,1,3,2,1,3,2,1,1,3,1,1,2,2,1,1,3,2,1,4,2,2,1,1,2,3,1,4,2,4,1,2,1,2,1,2,1,5,3,2,5,1,3,5,2,3,4,3,2,4,2,2,3,3,2,5,5,28.925110154539414,69.21812079805875,90.18559878596398
2,1,3,3,1,3,4,3,1,1,5,2,3,5,2,4,1,1,1,5,1,2,3,5,1,3,5,5,4,1,5,4,5,2,4,3,3,5,5,2,2,2,5,5,4,1,5,3,4,1,2,1,1,1,2,3,1,4,5,5,1,4,4,1,1,1,2,4,2,5,29.25879237908735,115.67321720124866,81.44016659073505
4,4,1,1,2,1,1,1,1,1,1,1,1,5,1,3,2,2,2,3,2,2,1,1,2,1,1,2,1,5,2,2,1,1,1,2,1,2,3,3,1,3,4,2,1,3,2,1,4,2,2,3,2,3,2,5,3,3,3,3,3,5,5,1,3,2,4,1,4,1,30.320280965729133,70.98764001656987,86.59836799475386
4,4,3,2,2,4,2,1,3,1,1,1,1,1,1,1,1,1,1,1,1,1,1,1,1,1,1,1,1,1,1,1,1,1,1,1,1,1,1,1,1,1,1,1,1,1,5,1,3,1,1,5,3,1,2,1,4,1,1,4,4,4,3,1,4,5,1,1,5,3,31.209860650403307,30.177012222710438,80.16041139645988
3,4,1,3,1,3,3,1,1,3,2,1,3,3,4,4,2,1,1,1,3,2,4,2,1,1,1,2,1,3,2,5,3,2,1,2,1,1,1,3,1,3,3,1,3,4,5,3,4,5,5,3,2,2,1,5,4,1,4,5,2,2,4,3,3,4,5,3,1,5,33.669406171688024,78.08211352607644,87.0588434163425
1,3,1,3,1,1,3,1,2,1,5,2,4,1,2,1,5,1,3,4,2,1,1,2,1,2,4,3,3,3,4,2,3,3,1,1,3,2,5,3,4,3,1,2,2,4,4,5,1,4,3,5,1,4,1,2,2,5,5,4,3,5,1,4,4,4,5,1,4,3,29.575475024969958,93.21825970952077,78.31273417553814
3,1,3,2,3,3,4,3,3,1,4,5,1,1,1,1,2,5,1,2,2,2,3,2,3,1,1,4,3,1,2,5,5,5,5,1,4,4,2,3,5,1,3,3,5,2,3,3,4,1,1,5,5,5,4,2,5,3,4,1,2,2,2,1,1,5,4,4,1,4,25.075395716201562,99.9322118559601,69.56474016279748
3,2,2,3,1,4,4,3,1,2,1,1,1,1,1,1,1,1,1,1,1,1,1,1,1,1,1,1,1,1,1,1,1,1,1,1,1,1,1,1,1,1,1,1,1,1,4,3,5,2,5,5,2,2,1,4,5,1,5,4,1,5,4,2,5,1,5,4,5,4,31.77722035178176,28.99936628816063,103.98905187901434
4,3,2,3,1,4,4,4,3,1,3,1,1,1,5,3,4,2,3,1,1,1,2,2,4,1,1,3,1,1,1,1,5,4,4,1,3,1,2,3,1,5,2,3,5,2,3,4,3,3,5,4,1,5,1,5,4,2,5,4,1,3,3,3,5,1,4,2,2,5,32.14064739296673,84.2842514322092,96.41272882544325
4,4,2,4,1,4,4,1,1,1,1,2,5,1,3,1,1,2,1,2,2,5,2,4,3,5,4,5,1,1,5,4,2,1,1,2,1,2,1,5,1,2,1,3,4,3,2,2,1,5,2,4,3,3,4,2,4,3,5,1,2,5,4,2,4,2,2,4,3,4,38.87816524499297,89.46731625909369,73.47355027980045
4,3,3,1,4,1,4,2,4,3,3,2,3,1,1,2,1,1,1,3,2,3,1,1,5,2,4,2,1,5,1,2,1,3,5,2,1,2,2,3,3,3,2,3,3,3,4,2,3,4,2,3,4,5,1,2,3,4,4,5,4,5,3,1,4,3,3,5,5,2,22.244147580680377,83.35559001610346,79.35591257891238
3,3,2,4,1,3,4,3,2,2,2,3,1,2,2,1,2,2,3,1,1,1,1,1,2,1,1,1,1,1,1,2,1,1,3,2,3,2,1,1,1,2,1,2,1,1,5,4,5,2,2,4,1,1,1,4,1,1,5,4,1,5,5,4,5,2,3,3,4,5,32.39516057978439,55.49832287897323,92.69823646053493
3,2,1,1,3,4,1,1,3,3,3,3,1,2,2,1,1,1,1,2,2,1,1,2,3,2,1,5,1,1,3,3,5,1,3,1,3,2,2,2,4,5,1,1,2,2,1,5,1,1,4,5,5,5,2,1,1,1,2,2,2,4,5,3,3,5,5,3,2,1,25.204860862047514,76.4563780832042,68.6304710251882
4,2,4,1,4,4,4,4,2,2,2,1,2,1,1,4,1,2,2,3,2,1,1,1,2,1,2,1,1,1,2,1,2,1,1,1,3,1,2,1,1,1,2,1,2,4,2,2,2,2,3,5,4,3,3,4,4,5,3,2,5,4,3,5,5,2,5,2,4,2,24.25682135639148,57.5576248212017,74.62070184686705
3,4,1,4,1,1,4,1,1,2,1,1,1,1,3,1,1,2,1,1,2,1,1,2,1,1,2,1,1,1,1,1,1,1,1,1,1,1,1,1,1,1,1,1,1,1,5,1,5,1,5,5,1,5,1,5,5,1,5,5,1,5,5,1,5,1,5,1,5,5,35.42245814483137,41.638806359901466,120.84173068701261
4,2,4,4,1,2,4,2,1,1,4,1,2,2,3,3,1,3,3,1,2,2,1,3,4,2,4,1,2,2,2,2,2,4,4,1,2,3,1,2,2,1,1,3,4,2,3,2,4,4,4,2,3,2,1,3,2,1,5,1,2,4,3,1,1,3,2,4,5,5,32.25767890063262,81.95442333158225,78.8346317314196
3,4,1,4,1,1,2,1,1,2,1,1,3,1,2,1,2,2,1,4,2,1,2,2,3,1,2,1,1,1,2,1,1,1,1,2,1,2,2,2,1,3,1,1,1,1,5,1,5,1,4,2,2,4,1,5,5,4,5,4,4,5,1,3,3,1,5,2,3,2,33.42679541048891,57.2668865564512,92.64563370638977
4,4,1,4,1,4,4,1,1,1,1,1,1,2,1,2,1,1,1,1,1,1,2,2,1,2,1,1,1,2,1,1,1,1,1,1,3,1,1,2,1,1,1,1,1,1,5,1,5,1,5,5,1,5,1,4,5,1,5,5,2,2,5,1,5,1,5,2,4,5,43.931034626648426,45.191476683502714,112.61700952822804
2,4,4,3,4,4,3,1,3,4,1,4,2,1,1,5,3,5,2,2,4,3,2,5,3,5,2,2,2,1,1,2,2,3,3,2,2,3,3,4,3,4,2,1,1,1,5,2,5,3,5,4,2,3,1,4,2,2,4,5,1,2,3,1,5,3,5,2,5,4,25.499729725834136,92.2677611388948,97.78158961213677
4,3,3,2,1,3,2,4,1,4,5,5,5,5,5,4,1,3,5,3,3,5,5,5,3,1,3,4,4,4,4,4,3,5,5,3,4,5,5,5,5,4,2,4,5,3,3,1,4,5,5,4,5,4,2,2,2,1,4,4,4,5,4,1,3,2,1,2,3,2,25.930169737057092,144.19900243399388,80.77802504503349
2,2,2,2,4,3,4,2,1,3,2,5,3,2,3,2,5,4,1,2,2,4,3,4,5,4,2,1,5,3,3,4,2,2,5,5,1,5,1,1,5,1,2,5,3,2,4,1,2,2,1,4,1,5,5,3,5,1,3,3,3,5,2,1,2,1,5,5,5,5,26.294475373383175,109.45621401010823,88.30993218638768
3,3,1,3,1,4,4,4,2,1,1,1,1,1,1,1,1,1,1,1,1,1,1,1,1,1,1,1,1,1,1,1,1,1,1,1,1,1,1,1,1,1,1,1,1,1,5,1,3,5,2,5,2,2,2,2,5,2,4,4,3,4,1,3,4,2,5,1,4,5,32.98341808802508,29.8296235062663,87.67781399482752
4,3,3,4,2,3,2,4,1,3,2,4,2,1,2,1,2,1,1,1,2,1,2,2,4,2,5,2,2,1,2,2,5,1,3,4,4,4,4,2,2,1,1,5,1,4,5,4,5,1,3,5,1,5,4,4,4,2,4,4,3,2,3,1,5,5,3,3,4,4,28.073341748986564,84.80757647295219,89.58540213368543
1,4,3,2,1,4,3,2,2,1,1,1,1,1,1,1,2,1,1,1,1,1,1,2,1,2,2,1,1,1,1,1,1,1,1,2,1,2,1,1,1,1,1,1,2,1,4,1,5,1,5,1,3,5,2,3,3,2,4,2,1,5,4,2,4,4,5,1,3,5,30.475035287376155,42.73504525191925,94.7777901356749
2,2,3,4,1,4,4,1,2,1,1,2,3,4,1,5,3,2,4,1,1,1,2,1,5,3,2,1,5,5,5,2,1,1,3,2,2,3,2,5,5,2,1,2,2,1,4,2,5,3,5,4,2,4,1,2,4,1,5,5,4,5,4,4,5,1,4,3,4,4,32.9200223109504,91.08040350961446,97.07712483999134
4,3,1,4,4,3,4,1,1,2,5,4,3,2,4,1,2,3,3,2,5,2,5,1,2,2,3,1,2,2,2,2,1,1,3,2,1,5,3,2,1,2,2,1,2,1,3,4,5,1,1,5,2,5,3,5,2,2,5,1,1,4,5,2,2,4,5,1,5,1,34.18145420401469,85.09261426862001,87.63643056877535
2,2,4,2,3,2,4,4,3,3,3,5,3,4,1,5,4,4,5,3,2,5,5,4,3,1,3,4,5,2,2,4,3,2,1,2,2,5,4,4,4,4,2,1,3,5,3,4,5,5,4,3,5,1,3,3,2,3,3,1,2,3,5,2,2,2,5,3,5,5,20.090043371773632,118.89700776957807,74.65990949721763
4,4,3,4,4,3,4,3,1,2,1,1,2,1,1,1,2,1,1,1,1,1,1,1,1,1,1,1,1,1,1,1,2,2,1,1,1,2,2,2,1,1,1,1,1,1,5,2,4,2,4,4,4,4,3,3,1,3,4,4,2,4,4,5,5,1,3,4,3,1,31.00526901461563,43.11183628500564,80.8739018384236
4,2,1,4,3,4,4,1,2,1,1,1,2,1,3,2,4,2,1,1,3,2,3,1,1,1,2,1,1,1,1,2,1,1,2,5,1,1,2,3,4,3,1,1,4,2,5,3,4,2,5,4,3,3,1,5,5,2,5,2,1,3,5,2,3,2,5,4,5,5,35.419696532235676,67.74249915886116,98.28476663131725
4,4,1,1,2,3,1,2,2,1,3,3,1,1,2,2,3,2,1,2,1,2,5,1,5,3,5,3,1,4,2,2,2,1,3,4,1,2,2,2,1,4,2,3,1,2,3,1,4,1,4,3,1,1,1,2,4,2,5,3,5,5,5,2,4,1,3,2,5,5,29.631303592145745,83.96483154151223,94.03454510210842
3,3,2,3,4,2,3,2,1,3,3,3,1,1,4,2,1,4,3,4,3,1,2,3,3,2,3,4,4,3,2,2,3,1,1,2,4,3,5,1,4,4,1,2,2,2,5,5,3,1,1,4,1,2,1,1,2,4,4,4,5,4,5,1,1,3,2,1,3,4,26.556672888215974,93.42920902350959,76.6506201343268
3,1,2,1,1,2,4,2,1,3,5,4,1,1,5,2,3,3,1,1,2,1,2,3,1,3,5,2,3,4,2,3,1,2,2,3,1,4,2,1,2,2,1,1,1,1,4,2,5,1,5,5,3,5,1,3,3,3,4,1,5,4,5,4,4,2,1,4,4,3,27.01726899102049,80.67160196357561,85.41058197811773
4,4,3,2,2,4,3,3,3,4,3,4,5,4,4,5,2,2,3,2,5,4,3,4,4,5,5,5,4,1,5,5,4,4,2,1,3,3,4,2,1,2,5,3,4,4,4,5,2,2,3,2,2,1,5,2,1,2,2,1,1,3,2,3,4,2,4,3,5,3,26.767325949438828,126.17282466018221,68.20560692639754
2,4,2,4,3,2,4,3,3,2,2,2,4,3,5,2,1,2,3,5,3,3,1,2,1,1,2,4,2,1,1,1,2,2,2,2,1,3,2,1,1,1,1,1,2,1,3,1,5,2,3,5,1,2,4,5,3,1,5,4,1,4,5,2,5,3,3,1,4,5,28.415883519984252,73.48745579258762,99.44521896703911
3,4,1,1,1,2,4,1,2,3,1,1,2,5,5,3,1,2,5,4,1,3,1,5,3,4,2,1,5,5,2,1,3,4,5,5,4,1,1,4,5,3,5,2,4,2,4,1,3,4,1,1,2,2,1,2,3,4,1,3,4,2,3,4,5,1,3,4,4,2,30.581523763202515,110.37087741190385,67.57192990298027
3,4,4,4,2,4,4,4,1,2,5,1,4,1,2,2,4,2,5,5,1,2,1,2,2,5,4,4,3,3,3,3,1,3,3,5,1,5,1,5,2,2,4,3,2,4,5,3,4,1,4,5,3,2,4,1,4,1,5,4,3,4,4,5,4,5,3,2,3,5,30.97969107898223,105.31264671476924,83.8796952175406
1,4,1,4,3,4,4,1,1,1,3,1,1,1,1,1,1,2,2,1,1,1,2,1,1,1,1,2,2,3,4,2,3,1,1,2,2,1,1,1,1,1,1,2,1,1,4,1,3,5,5,4,1,3,2,4,5,1,5,5,2,5,5,1,5,1,5,1,5,5,35.489323912414854,53.86853046624883,107.30903388667406
4,4,1,4,1,4,4,1,1,1,1,1,1,1,1,1,1,1,1,1,1,1,1,1,2,1,1,2,1,1,1,1,1,1,1,1,1,1,1,2,1,2,1,1,2,1,4,1,3,3,4,5,5,3,5,5,4,1,5,4,2,5,5,2,5,1,5,4,4,5,42.45582118268642,41.16721749197546,96.41063041800038
4,3,2,4,1,4,4,1,1,1,4,5,2,2,2,1,5,1,4,5,2,5,3,1,4,2,4,2,2,3,1,5,3,3,2,5,3,1,5,5,1,3,5,5,2,1,1,1,2,3,5,4,1,5,3,3,4,4,3,2,5,4,5,1,3,1,5,2,1,3,37.6802546585008,108.6247091434136,82.83121287928243
2,2,1,2,1,3,3,3,1,4,2,4,3,2,3,1,1,3,5,1,1,4,2,2,1,3,1,3,4,2,1,5,4,1,3,3,3,1,1,1,2,2,1,2,1,2,1,3,1,5,5,4,2,3,3,5,2,1,2,3,5,3,3,4,5,3,1,5,5,4,27.098090325207558,81.2584051960011,70.0937936822699
2,2,3,4,3,4,2,2,3,4,1,2,3,1,1,5,1,1,1,5,2,1,2,1,2,2,1,2,4,1,2,3,2,2,1,1,1,3,3,2,1,1,1,2,2,1,5,2,3,1,2,3,3,3,5,5,3,5,5,4,5,1,3,1,5,1,2,3,1,2,24.282697108042665,67.46253763488141,75.34600860027527
3,4,2,3,4,4,1,3,1,1,3,5,2,3,2,1,5,1,3,4,4,1,1,5,1,2,1,2,1,3,2,1,1,4,3,2,4,3,3,1,2,3,3,1,5,3,5,2,5,1,4,4,2,5,2,5,5,2,2,3,1,5,4,1,5,1,4,4,4,1,29.275453302310314,90.70435908063334,98.82941497892713
4,1,4,4,1,2,1,4,3,1,4,5,5,2,4,2,5,5,4,2,5,5,5,3,4,5,4,5,5,1,1,5,2,2,1,4,4,3,4,4,2,3,2,4,1,4,5,2,1,5,4,5,3,3,1,1,1,4,3,2,1,4,1,3,5,4,3,1,4,1,23.832529739597923,125.6043176887898,72.60581194703707
4,2,2,4,1,1,4,3,2,3,1,3,1,5,1,4,5,4,2,3,1,5,5,4,3,1,3,2,4,4,2,5,2,2,1,2,2,1,1,4,3,5,1,4,3,5,1,4,3,4,5,3,3,2,1,2,1,2,5,4,4,4,2,4,1,4,4,3,4,5,29.191980671004174,103.54742289997522,70.9302505759009
4,3,4,4,1,4,4,4,1,2,2,5,3,3,3,4,2,1,1,4,1,1,2,3,1,1,1,2,4,2,2,3,2,1,2,2,4,1,3,3,3,2,1,3,2,3,4,3,3,4,5,1,1,5,1,5,3,1,3,3,1,4,5,1,1,3,5,3,4,4,31.631255810927406,82.96756293400436,91.39722872902185
2,4,3,4,2,3,1,1,1,1,2,5,4,3,5,4,5,5,5,4,5,4,5,4,5,5,4,5,5,1,2,5,5,4,4,4,3,5,4,5,5,2,4,4,5,4,1,4,5,3,4,1,4,5,5,4,3,1,3,1,4,4,2,4,4,4,3,4,5,5,31.104618436650885,149.91327905078583,70.96737418532658
2,3,1,4,4,2,4,3,3,3,3,1,2,3,2,1,2,3,4,1,2,2,3,2,1,1,2,4,1,2,1,2,1,3,1,3,1,1,4,5,3,1,1,1,1,2,3,3,1,1,5,5,4,5,3,3,1,4,3,3,4,5,4,1,5,3,1,2,1,4,26.472220846561445,73.00642935501935,78.41078751107909
1,2,3,3,4,2,3,1,1,1,5,2,5,3,3,4,5,3,5,2,2,4,4,3,5,3,4,1,1,1,5,5,2,2,2,2,3,5,5,2,5,5,5,5,5,3,3,5,5,2,2,3,1,3,2,2,5,4,5,4,1,5,2,2,3,3,5,1,5,5,25.87131588486993,126.46192977715401,90.07090629431376
2,1,1,1,2,4,2,4,1,1,1,1,2,1,3,1,3,1,1,1,3,3,1,5,2,1,3,2,1,2,1,2,1,1,1,3,1,2,2,4,1,1,5,2,2,1,3,2,3,2,5,4,3,2,3,4,2,1,1,3,1,5,5,2,3,1,2,1,4,5,26.24771162395189,67.55764037165979,88.9938556203662
2,4,1,2,1,1,3,3,3,3,1,5,4,1,3,1,1,1,4,4,5,4,2,2,3,5,3,2,5,2,2,5,1,4,5,2,2,4,5,2,5,2,2,4,5,1,1,3,2,2,3,5,2,4,2,5,3,3,1,3,2,3,4,2,1,2,5,1,2,4,26.352333247088247,109.32896727216594,80.85517355053088
1,3,4,1,2,1,3,3,3,1,5,5,3,3,5,5,4,5,4,5,5,2,3,5,2,5,3,5,4,3,4,5,5,5,5,4,5,4,5,5,3,5,4,3,2,4,4,1,2,5,5,5,1,4,3,4,3,1,4,2,4,5,3,2,4,1,4,3,2,3,20.91024607357078,148.94421286752817,86.79517024246175
1,3,1,1,1,2,4,2,2,4,1,1,2,3,1,1,1,1,1,1,4,1,4,1,2,2,2,1,5,3,5,4,3,1,4,3,3,2,1,2,1,1,5,5,1,2,3,3,4,3,4,4,1,1,1,4,3,1,3,5,5,5,5,5,1,2,4,1,3,4,26.01025092385023,80.89552168612978,85.20559588421732
4,4,1,2,2,2,4,3,2,2,1,5,1,3,5,2,3,4,1,2,4,2,3,3,1,4,2,2,2,4,1,1,3,1,1,5,1,5,5,4,5,2,5,1,2,2,5,1,5,3,5,5,2,4,1,5,5,1,4,5,3,5,4,2,2,3,5,1,3,5,31.360411533844722,97.74819609927748,104.02673784209973
4,1,1,3,2,1,3,2,1,3,5,2,1,2,1,2,1,1,1,1,2,1,1,1,3,2,2,1,2,2,1,2,2,2,1,1,3,3,1,5,2,1,1,1,2,1,4,1,5,3,3,1,3,5,4,1,2,5,4,4,1,5,2,2,2,5,2,1,3,1,28.471937863050833,63.06491574678669,73.27981765391577
3,4,4,4,4,3,1,4,2,1,5,3,2,1,3,2,5,4,2,3,1,5,1,1,4,4,2,1,2,2,1,1,4,1,4,1,2,4,3,4,5,3,1,2,2,2,3,5,5,2,4,5,1,4,2,5,4,1,3,4,1,5,2,3,5,2,5,3,5,5,25.342973848044362,92.70663449950831,97.83068024224188
4,2,1,1,3,4,2,1,3,3,4,4,3,4,4,4,3,1,1,1,4,1,1,2,4,2,5,4,2,1,2,5,2,2,1,2,4,1,2,5,5,3,1,4,1,2,2,1,1,3,3,1,1,5,3,4,3,3,5,4,1,3,4,4,5,4,1,1,3,4,26.54782470085558,97.1128247418561,80.50488194015085
3,4,3,3,1,4,4,1,1,1,5,5,4,4,2,5,5,4,4,5,4,4,5,4,1,5,5,3,5,5,3,5,5,4,5,4,1,4,2,1,4,2,5,1,4,5,3,1,5,3,5,1,1,2,1,3,4,4,3,4,4,2,3,5,2,2,2,1,4,2,36.18355129163685,139.478248210914,77.43214759560502
3,3,1,2,4,2,4,4,1,2,1,5,4,2,4,3,1,3,2,3,1,5,2,4,2,1,4,4,4,5,5,4,4,5,1,3,4,5,4,2,5,5,2,4,5,2,5,1,4,1,5,5,1,4,2,3,2,3,2,3,2,3,3,1,3,5,2,3,1,4,26.70694285993905,120.25216072127063,84.3503641969085
4,4,1,4,1,4,4,1,1,1,3,4,1,1,4,3,3,3,1,1,2,2,4,1,2,2,3,3,4,1,1,1,1,1,1,1,4,1,1,1,1,3,4,1,4,1,3,2,4,1,5,1,2,3,2,4,4,5,4,5,1,5,5,2,3,4,3,3,5,5,39.90179116099366,74.60381352986231,90.74832142384433
1,4,1,4,2,1,4,1,1,1,4,1,4,5,2,5,3,2,5,1,1,2,4,4,3,3,2,1,3,3,5,5,5,4,3,1,1,2,1,3,2,2,3,5,4,3,5,1,5,2,4,5,1,3,2,5,2,3,5,2,1,5,1,3,1,2,1,1,5,5,32.807450019641486,107.10161822206118,92.29796999809909
4,4,2,4,2,4,2,2,1,4,4,5,3,2,5,1,1,2,4,3,4,3,4,1,1,4,5,3,5,1,4,3,5,1,3,3,5,4,1,1,2,1,4,1,4,4,5,5,5,5,5,4,1,3,3,5,3,1,2,3,1,4,5,1,5,1,5,1,1,5,32.33650486469858,107.05421564140657,95.33851845478794
4,3,2,4,1,4,4,2,1,1,2,1,2,4,2,1,1,1,4,4,2,3,3,1,2,5,4,4,2,3,1,3,1,4,3,2,1,1,3,2,1,5,1,2,1,1,4,5,5,1,3,5,5,3,1,5,1,1,3,5,2,4,4,1,5,2,1,1,3,3,37.27796423019048,82.91421243624795,89.4336375095424
4,3,3,2,4,4,3,1,2,1,2,5,3,4,4,4,4,3,3,4,2,1,4,2,4,2,2,2,4,2,5,5,3,3,5,5,1,5,2,2,5,3,1,5,2,3,3,5,1,4,3,3,1,5,3,4,5,4,2,1,2,2,3,3,4,3,4,3,5,2,30.30001507047891,116.07300960228176,73.11570812208657
3,4,1,4,1,2,3,1,4,2,1,1,1,3,1,1,3,1,5,1,2,3,2,1,3,4,1,2,1,2,1,1,3,1,1,2,2,2,1,1,1,3,1,3,1,4,4,3,5,1,1,3,4,5,2,3,1,1,4,5,2,5,5,3,3,3,3,1,3,5,31.553670699845963,67.1019572415231,88.93297130620203
3,4,1,4,2,4,4,1,2,1,3,1,2,3,2,4,1,2,1,1,1,2,4,1,2,1,3,1,3,4,1,2,2,2,3,1,1,2,2,1,1,1,2,2,4,2,1,1,3,3,5,2,2,5,3,4,4,1,5,5,1,5,5,3,3,2,5,4,4,3,36.69221343491942,71.22905971113074,92.62198224077541
1,2,1,2,2,4,1,3,4,3,3,5,2,1,4,4,5,2,4,5,2,5,5,3,4,4,5,5,4,3,2,2,5,1,1,5,1,5,2,4,5,2,5,1,5,3,5,3,5,3,5,5,1,4,2,4,3,5,4,3,1,2,2,5,2,3,3,4,1,5,21.790720792483356,123.79685784527685,79.62629339648142
4,4,1,4,1,4,4,1,1,1,1,1,1,1,1,1,1,2,2,1,1,1,1,1,1,1,1,1,1,2,1,1,1,1,1,2,1,1,1,1,2,3,2,1,1,2,4,2,3,1,4,4,5,5,1,3,5,2,5,5,2,5,5,2,5,1,5,1,4,3,41.68969034086557,44.63050301479315,101.83191368684982
3,4,1,3,1,1,4,2,1,4,1,5,2,4,2,5,5,2,5,5,4,5,5,5,4,4,2,3,1,1,2,2,3,3,5,4,4,5,1,4,2,3,5,4,5,3,3,2,3,2,4,3,1,2,2,5,4,3,4,3,5,3,1,2,3,4,2,1,5,2,30.879908019652543,125.2867259294135,79.38882054961881
4,4,4,2,3,4,4,1,3,1,2,1,2,4,2,1,3,3,5,2,3,2,3,1,1,3,1,4,4,1,4,4,5,5,2,5,3,5,1,2,2,1,3,2,3,2,4,5,1,2,2,5,2,5,3,5,5,3,5,3,1,2,4,3,5,2,3,2,2,4,31.047306247906437,97.06543439671819,86.05771256659051
4,3,3,4,4,4,2,4,1,3,1,5,1,2,4,4,4,1,4,4,1,3,4,5,5,4,3,2,1,3,2,1,2,4,2,3,1,1,4,3,3,1,2,1,1,3,4,1,5,4,4,5,3,4,1,4,4,2,2,4,3,4,3,3,5,5,4,1,5,4,26.949845139798384,95.27239098551597,91.71741970675885
1,2,3,4,3,4,3,1,4,4,1,2,4,5,4,2,1,5,1,5,5,4,2,3,5,2,2,1,1,3,3,4,1,5,2,3,1,2,3,4,5,2,2,2,4,1,3,5,1,2,2,5,3,4,2,4,3,5,2,3,4,4,1,4,5,1,3,1,1,3,23.673471438468567,101.57624591690691,70.95206464249509
3,4,2,4,1,3,4,1,1,2,1,1,1,1,1,1,1,1,1,1,1,1,1,1,1,1,1,1,1,1,1,1,1,1,1,1,1,1,1,1,1,1,1,1,1,1,5,1,5,1,5,4,3,5,2,5,5,4,5,3,1,4,1,2,3,4,3,2,2,4,36.22113027314683,23.216915257584787,92.77132406780964
4,3,1,2,2,3,4,4,1,1,2,1,1,3,5,1,1,5,3,2,5,4,5,3,5,4,1,5,5,5,2,3,4,5,2,1,5,4,4,5,5,5,4,2,2,4,3,1,3,3,4,5,4,1,5,2,4,4,1,5,3,5,5,2,5,1,4,3,5,1,31.601897586588667,123.16911029605652,80.5330233424742
4,2,2,2,3,4,1,1,4,2,5,5,1,5,4,5,5,3,3,5,5,5,4,5,5,5,4,4,3,1,5,4,5,5,3,3,4,3,5,3,2,3,5,4,4,5,5,5,5,5,5,1,2,3,5,3,3,5,2,1,4,4,1,2,2,5,4,5,3,2,26.335521703210187,145.17295306627176,59.911322065386216
4,1,4,4,4,1,1,4,4,3,3,5,5,4,1,5,4,4,5,1,3,4,5,2,3,4,5,2,5,5,4,3,3,1,5,5,3,1,2,3,4,4,2,5,4,3,4,4,1,5,5,3,2,5,5,3,2,3,1,3,3,2,2,4,4,2,1,4,1,5,17.05222760361497,126.66552050753624,64.2802393271241
1,4,2,1,4,2,3,4,1,1,5,5,4,3,2,3,4,1,1,5,3,2,2,1,2,5,4,4,4,1,2,4,5,4,4,4,3,5,5,1,3,4,3,2,3,5,2,2,4,2,2,2,3,4,3,3,3,2,5,1,2,4,4,5,4,4,5,1,1,4,23.703307557195934,118.00660204085244,77.99347257911546
4,3,2,3,1,4,2,4,4,4,1,1,1,1,1,2,1,1,3,2,1,1,2,1,1,1,2,3,1,2,1,1,1,1,3,3,3,1,1,1,1,2,1,1,2,3,3,3,5,2,3,5,2,5,4,4,4,2,1,5,2,4,5,1,5,2,2,2,5,5,26.285371416209507,54.616586641874434,94.67558298475392
3,4,2,4,1,3,4,2,1,4,1,1,2,1,1,2,1,2,1,4,4,1,1,4,2,1,1,2,1,3,2,2,1,2,2,1,1,5,4,4,1,5,2,2,1,1,5,1,5,2,5,5,2,5,2,5,5,3,5,5,1,5,2,1,5,4,5,2,4,5,33.14377521536049,71.62914592335933,107.3422888232798
2,1,2,4,2,1,1,2,3,2,2,1,1,2,2,4,1,1,1,1,1,2,1,1,1,1,1,2,2,2,1,2,2,1,1,1,3,1,1,3,1,1,3,2,1,1,1,4,3,1,3,2,3,4,2,4,1,1,4,2,3,5,3,3,1,1,5,1,2,2,23.42738565553976,54.61105639625945,77.13252069921953
4,4,2,1,2,3,4,3,4,1,3,2,2,4,3,1,1,3,3,5,5,3,4,1,1,2,4,1,1,3,5,2,1,2,1,4,1,2,3,4,5,3,1,2,2,1,3,2,2,2,3,1,1,5,1,3,2,4,2,3,1,1,3,2,3,2,2,1,5,5,29.213882366354124,91.11749149337241,81.22388920497923
1,4,1,4,1,4,1,1,1,4,2,1,1,1,1,1,1,1,1,2,2,1,2,2,2,1,2,1,1,1,1,1,1,1,1,1,1,1,1,1,1,1,1,1,1,1,5,1,4,3,4,5,3,5,1,5,5,1,3,5,1,4,4,1,3,1,5,2,4,5,31.45981065833159,42.717139001285226,105.94881434737079
4,3,2,3,2,1,3,4,1,1,3,1,4,2,4,5,1,2,1,5,1,5,4,4,1,3,1,3,2,5,2,1,3,2,5,4,4,5,5,3,5,5,3,4,5,4,1,4,5,3,1,3,2,5,1,5,2,1,3,4,4,4,1,2,4,2,3,1,3,5,29.00735777092249,116.69290845217445,83.3362976988767
4,4,4,2,1,3,3,1,1,2,2,2,2,4,4,1,1,3,1,4,2,5,1,5,4,2,2,3,5,1,2,1,2,4,1,1,4,2,3,1,5,5,2,2,2,3,3,2,4,1,4,5,5,5,3,3,2,1,5,1,1,4,3,1,4,1,3,2,5,2,32.051157018051576,93.50320162649167,89.88054784350413
2,4,1,4,2,4,4,2,4,1,4,3,1,2,3,4,5,5,5,1,4,2,5,2,2,1,3,3,3,5,2,2,3,1,3,5,4,5,4,4,3,2,4,5,1,2,2,1,4,1,1,5,5,5,4,5,4,1,4,4,4,5,2,2,5,4,4,2,4,2,33.101536177306436,112.70153018749397,85.68551677819949
2,4,3,4,1,3,2,1,1,1,1,1,4,3,2,1,2,1,1,1,5,5,1,1,2,1,1,1,4,1,4,3,2,3,1,1,2,1,1,2,2,2,1,1,5,1,4,2,5,1,5,4,1,5,1,5,4,1,2,4,1,3,5,3,5,1,5,1,2,4,33.475899518709106,71.08318701015612,103.7076698972479
2,4,4,1,1,3,4,2,3,3,4,4,4,4,3,3,5,3,5,4,4,4,5,3,5,5,4,4,3,1,5,5,4,5,4,3,3,4,5,4,4,5,2,5,5,5,5,3,2,5,5,3,5,4,4,1,4,4,5,4,4,3,3,5,2,3,3,1,5,4,25.65100979331247,144.55540138929732,73.2037159473346
1,4,2,3,3,1,2,4,3,3,1,4,2,3,1,4,2,5,1,2,2,4,3,4,5,2,4,2,5,1,2,3,4,3,5,1,1,4,3,2,5,4,5,1,5,2,1,5,3,5,2,1,4,3,5,2,5,1,3,3,1,3,1,2,3,2,3,1,4,4,21.39016165527415,107.05160351967773,68.59619128120787
3,3,2,3,1,2,4,1,1,1,2,4,1,1,1,1,3,1,2,1,2,2,1,1,1,1,2,2,2,1,3,1,1,1,1,2,1,2,1,1,2,1,1,1,1,1,5,1,3,1,1,5,1,4,3,4,3,5,3,1,1,4,5,1,5,1,2,3,2,4,34.21941747807356,53.10956123847228,88.280559087628
1,1,4,4,2,1,2,4,4,1,1,4,4,2,1,5,1,1,1,1,2,3,3,1,3,3,2,1,5,4,3,5,3,3,5,5,3,4,1,2,3,5,3,1,1,2,2,5,1,2,1,1,5,4,5,2,1,3,2,4,5,2,1,5,4,4,3,1,2,2,18.79899616842416,96.77573337324118,50.89785846885073
4,1,3,4,4,4,1,4,3,4,5,5,1,2,3,2,5,3,4,4,4,5,4,4,1,5,4,2,3,2,3,3,5,5,5,4,3,4,5,3,3,5,1,3,2,5,4,5,4,3,1,4,1,3,1,4,4,1,4,3,4,3,4,5,2,2,4,3,2,5,20.5252771875733,127.3149015514642,79.52317697905141
4,4,2,3,1,3,4,1,3,4,1,3,2,1,1,2,1,1,1,1,1,1,1,1,1,1,1,1,1,2,2,2,2,1,2,1,1,2,2,1,1,1,1,3,1,2,4,2,5,1,3,3,1,4,1,5,4,5,5,4,2,5,3,3,5,3,4,5,4,2,31.87439524217568,49.85971330477137,90.75126822315804
4,4,4,3,1,1,1,2,1,1,1,1,1,2,1,2,1,1,1,1,1,1,2,1,1,1,1,2,2,1,1,1,1,1,2,3,1,3,1,1,3,1,1,1,2,2,5,2,4,2,5,4,2,5,1,4,5,2,5,5,2,5,4,4,4,1,5,2,3,5,29.45101028194116,50.32951352712087,103.92012084610221
4,4,2,3,2,3,3,1,1,2,2,1,1,3,3,1,2,1,1,1,1,1,3,1,1,2,3,1,5,1,1,1,1,3,2,1,4,1,4,5,1,1,1,1,2,1,5,1,5,4,3,4,1,5,1,3,5,1,3,2,4,3,2,2,5,2,2,2,3,5,34.42680950995666,64.98079053822057,91.47446784558899
4,4,2,1,1,2,2,1,1,2,1,1,1,1,1,1,1,1,1,1,1,1,1,1,1,1,1,1,1,1,1,1,1,1,1,1,1,1,1,1,1,1,1,1,1,1,5,1,3,4,3,1,1,3,1,5,2,2,5,1,3,5,3,1,4,1,5,1,3,5,30.648329959893,22.047609291758924,91.55983141928567
1,2,2,4,3,4,1,2,3,1,1,2,1,3,2,2,4,3,3,1,1,2,2,2,2,2,2,2,1,1,3,1,3,2,1,1,1,1,1,1,2,1,2,1,2,2,4,4,3,4,3,5,3,4,4,5,2,2,5,4,4,2,5,5,4,4,5,2,4,5,25.619425785248744,64.24767892112763,81.58950291065732
4,4,1,4,1,4,4,1,1,1,3,1,1,1,3,2,4,3,2,5,3,3,3,2,1,3,1,1,1,1,2,1,3,5,1,2,3,1,2,1,2,2,2,2,2,2,5,4,1,1,1,5,4,5,2,5,5,3,5,4,3,2,3,1,5,4,4,4,5,5,39.624915575224115,76.9171552109404,88.14930178901841
2,4,2,4,3,4,4,1,3,1,5,1,5,2,2,5,4,5,1,5,3,5,2,5,5,3,2,1,3,1,2,5,4,4,4,1,3,2,3,1,5,1,4,5,4,3,5,3,2,1,4,5,3,3,2,5,3,1,4,5,3,4,5,1,5,2,5,5,2,2,32.70537683112436,115.68934778792905,92.08338765868666
2,3,1,4,1,3,2,1,2,4,1,1,3,2,2,3,2,1,2,2,3,1,1,2,3,1,1,1,2,1,2,1,1,1,5,1,1,1,1,1,2,3,3,3,1,2,4,1,4,3,2,5,1,3,1,2,4,1,5,2,3,5,5,1,4,3,3,3,4,5,29.808157638164253,64.12045397028729,94.48963050908644
3,2,1,4,2,2,4,2,2,1,2,3,5,1,1,1,3,2,5,3,2,5,4,5,1,5,3,1,3,2,4,1,1,1,4,1,4,2,4,3,5,4,4,2,2,5,5,1,5,4,5,4,2,4,2,4,3,1,4,3,4,3,5,1,1,3,2,4,5,5,31.693812402646962,103.71609084949489,90.05974960184386
4,3,1,4,2,3,4,2,1,2,4,1,1,1,1,1,1,1,1,4,1,1,1,2,3,1,2,1,1,1,3,1,1,2,1,1,3,2,1,1,2,2,1,1,1,1,4,1,5,1,5,4,1,5,2,5,5,1,3,5,1,5,4,1,3,1,5,2,1,4,35.399362503741656,53.57499127689068,106.3789501845583
1,4,1,2,2,2,4,1,2,1,4,5,5,3,5,4,5,2,5,5,2,5,4,3,2,4,5,2,4,4,2,4,3,4,1,5,5,4,1,4,5,5,5,4,5,5,1,2,2,2,1,1,5,1,1,5,3,1,4,1,3,5,5,1,4,5,1,5,5,3,30.58742508307419,140.28450849446355,71.3458778116941
4,4,2,4,1,4,4,1,1,1,2,4,1,1,1,1,1,1,2,3,3,2,1,1,5,2,1,2,2,1,2,2,1,1,2,2,1,3,4,2,2,1,1,1,1,2,2,5,3,1,3,5,1,4,2,5,2,1,3,4,2,3,4,1,5,1,3,3,1,5,39.276297934068594,65.06989426524072,88.67744076994077
1,4,4,2,3,4,1,1,1,1,2,4,1,1,1,4,2,3,4,1,1,1,1,5,2,5,5,4,5,2,2,1,2,1,1,1,1,2,4,1,1,3,1,1,2,3,3,3,3,2,5,5,2,4,4,5,5,3,2,5,1,2,5,5,1,1,5,3,5,2,26.738310333164794,81.03705560986451,87.11409761879106
4,4,1,1,3,4,3,1,1,3,2,1,2,2,1,3,2,3,1,1,1,1,1,2,1,1,1,1,1,1,1,3,2,2,3,1,2,2,1,4,1,3,2,1,2,1,5,3,5,3,3,5,3,2,2,5,2,1,4,5,3,5,5,5,3,2,5,5,4,5,32.42439791418556,59.78747324975181,90.08428250944726
4,4,1,4,1,4,4,1,1,1,4,4,4,3,2,4,3,3,2,3,1,3,1,3,5,3,1,3,1,1,3,1,3,5,4,2,2,1,3,1,3,1,5,5,5,5,2,1,3,1,3,5,4,4,1,4,3,1,5,4,3,4,5,1,5,2,2,1,3,5,41.571168031998425,103.30075916857733,95.99532290890537
2,1,2,4,2,4,3,2,1,2,1,1,1,5,3,3,3,1,1,4,4,4,2,1,4,4,1,2,4,4,3,1,4,2,2,1,1,3,1,2,1,4,2,4,1,1,2,1,5,1,5,4,3,3,5,4,5,5,3,2,2,4,5,1,5,2,5,1,3,3,29.686006256338246,86.41966043503102,90.57656607310805
2,2,4,4,3,1,4,1,4,2,1,4,4,2,2,2,4,1,5,2,1,5,5,1,1,2,4,5,1,4,3,2,2,1,2,1,1,3,3,3,1,2,2,5,1,2,1,1,1,3,2,3,5,1,4,2,4,5,3,5,3,5,2,4,1,4,5,4,3,4,23.694497905584686,90.32830186640378,63.01657688337954
1,4,1,3,3,3,3,1,1,1,3,1,2,4,4,1,4,5,3,4,4,4,2,3,1,2,1,4,3,1,2,2,4,1,1,1,2,5,1,4,1,3,2,4,5,3,4,1,4,1,4,2,3,5,3,1,1,1,1,5,5,5,3,2,1,2,1,2,4,5,31.726219857844896,96.5231312397091,80.12560297261003
4,3,1,4,1,4,4,2,1,1,1,1,1,1,1,1,1,1,1,1,1,1,1,1,1,1,1,1,1,1,1,1,1,1,1,1,1,1,1,1,1,1,1,1,1,1,5,1,5,1,5,2,2,5,1,5,3,5,1,1,4,5,4,5,2,4,5,1,2,5,38.361431411789056,26.484567714268422,85.1839955100289
4,4,1,4,2,4,1,4,1,3,3,5,3,2,5,2,3,1,1,2,1,3,3,5,5,4,2,5,2,4,5,3,4,2,1,4,2,4,4,5,4,2,3,3,1,2,3,1,3,1,5,4,1,2,1,4,5,1,5,5,3,5,3,1,4,1,4,1,1,3,30.739089735888303,110.4209267886859,98.64904542877309
2,3,2,4,2,3,1,2,1,4,3,5,4,3,2,3,2,4,4,5,4,4,1,5,2,5,3,3,3,5,5,5,2,5,1,2,4,3,3,4,3,3,3,3,3,2,1,2,3,2,3,4,5,4,1,4,3,2,2,2,2,5,2,2,3,1,3,5,2,4,26.879522325305874,120.81789941210761,77.37445614623218
2,2,2,3,1,3,2,2,3,1,2,1,5,3,5,5,3,5,2,3,4,2,1,4,1,5,3,4,5,3,5,4,1,3,3,2,4,2,2,2,3,3,1,2,4,4,3,1,3,1,1,5,2,1,1,5,5,2,5,3,1,3,3,4,3,4,5,4,5,3,28.496337352633848,111.2482224115615,86.6854958548018
4,3,4,2,2,3,1,4,3,4,4,4,5,4,5,5,5,3,5,5,5,3,5,5,3,4,5,4,2,3,4,1,4,5,4,4,4,5,3,3,5,5,4,5,4,4,2,1,3,1,2,3,2,2,3,5,2,1,5,3,2,1,5,1,4,4,5,3,3,2,20.567698368670932,147.75110148490978,82.6224842187925
2,4,2,4,4,1,4,3,3,2,1,3,1,5,4,2,3,2,3,1,4,1,5,3,3,3,3,1,2,2,2,4,3,3,5,5,4,2,2,2,1,2,3,4,5,5,5,5,4,4,5,5,1,4,1,3,2,5,4,3,2,5,1,4,5,4,4,4,5,5,25.938101716461723,103.54609516406552,84.14574106494888
4,4,4,4,1,3,2,3,2,1,1,1,1,2,1,1,3,1,1,3,2,1,1,3,1,1,5,3,3,3,1,2,1,2,2,1,3,1,1,1,2,2,2,1,2,2,4,2,1,1,4,2,2,4,4,4,4,3,5,2,1,3,4,3,2,2,4,5,3,5,30.943675811477032,64.0997606462404,82.01122146843771
4,4,4,3,1,2,3,3,1,3,5,4,2,3,5,1,3,4,5,5,3,5,2,5,3,1,5,4,3,4,2,2,5,4,3,2,1,4,5,2,1,1,3,2,5,3,5,1,1,4,5,4,3,5,3,1,2,1,3,5,3,4,4,1,4,5,3,1,3,4,29.327025292066452,117.49679247313244,85.44381480385867
1,4,4,3,3,4,4,2,3,2,1,1,2,3,1,4,5,2,5,1,4,4,4,1,5,3,4,3,5,2,3,3,2,3,5,4,2,4,2,2,4,5,3,3,5,1,2,3,2,1,2,2,5,1,5,3,1,4,5,1,2,4,3,5,1,5,2,4,1,2,27.37808190300503,110.78676828118091,51.66588030767415
4,3,1,4,1,3,4,1,3,1,1,1,1,1,1,1,1,1,1,1,1,1,1,1,1,1,1,1,1,1,1,1,1,1,1,1,1,1,1,1,1,1,1,1,1,1,5,2,5,1,5,4,5,3,3,4,3,2,2,5,2,5,3,2,5,2,5,2,3,5,35.95972981672702,17.649121861542667,95.22980121511905
1,3,3,4,3,4,4,4,4,4,2,2,1,1,3,1,1,1,1,1,1,3,1,1,1,2,1,4,1,2,1,1,1,3,1,2,3,1,3,1,1,2,5,3,1,2,4,1,5,1,1,4,2,5,3,4,3,3,3,4,3,5,4,5,4,1,5,1,5,4,23.147322666862195,61.921014367308175,94.02812883271602
2,4,2,3,2,3,2,2,2,4,3,5,1,4,1,5,3,4,2,3,1,3,1,1,1,3,3,2,2,5,3,4,2,2,1,2,4,3,5,4,3,3,2,2,2,5,3,3,2,5,4,2,1,4,5,5,3,3,4,4,3,3,5,4,4,2,5,5,4,5,26.82972315737028,99.93944709244683,80.05135592918884
2,3,2,3,4,4,4,1,1,1,3,1,1,2,2,1,3,3,2,2,4,1,1,1,2,1,2,3,2,1,1,2,2,4,2,5,2,3,2,4,3,1,2,3,3,2,2,1,3,4,1,4,2,2,1,1,3,5,3,3,1,3,4,1,4,3,2,5,4,5,32.16574395860848,79.0823464680577,74.99903271359902
2,4,1,4,1,3,4,1,1,3,2,1,1,1,1,1,1,2,1,4,2,1,1,3,2,1,2,2,1,1,3,1,1,1,1,1,1,1,2,1,1,1,3,4,1,2,5,2,5,2,4,2,5,3,5,1,4,2,2,4,3,4,5,2,4,3,4,4,4,1,35.09839711827282,55.50482272303829,77.80940644573715
3,3,2,1,3,4,4,4,1,3,2,1,3,5,1,5,4,4,2,5,5,2,5,4,3,5,5,5,3,1,5,5,4,5,1,3,5,3,3,5,4,5,5,4,4,1,5,1,4,4,4,5,4,3,4,4,5,5,5,3,3,5,3,3,5,2,2,1,2,3,27.053310050241294,132.4969594250333,84.62761868946917
3,1,2,2,1,1,4,1,1,3,3,1,4,5,2,1,3,3,1,1,2,5,1,2,1,5,4,1,2,1,4,4,1,2,1,2,2,1,1,2,3,1,3,1,1,1,5,1,4,3,1,5,3,1,4,2,3,2,5,5,2,1,3,1,4,5,5,4,4,4,27.502127134520507,78.32951478737678,80.79704141778892
4,4,1,4,1,4,4,1,1,1,3,3,1,1,1,1,1,2,1,3,4,3,1,2,1,1,2,2,1,1,4,1,1,1,1,1,1,1,2,2,5,1,4,4,1,1,4,1,2,1,5,3,1,3,3,4,5,1,5,5,3,5,4,1,4,4,5,1,4,5,41.20108948604769,65.61497254305968,100.69220986869283
1,4,3,4,1,4,4,1,1,1,4,2,1,2,3,2,1,1,1,3,1,1,1,3,1,4,1,3,1,3,3,1,3,2,4,2,3,4,1,2,4,3,2,1,1,1,2,1,4,5,4,5,1,2,4,4,4,2,4,3,1,5,3,4,5,2,3,2,4,4,35.29052731281234,76.04384552901472,87.88270838282982
4,2,4,3,1,3,2,1,1,4,1,1,1,3,2,3,5,3,2,1,3,1,4,3,1,2,2,5,5,3,1,2,1,1,3,1,2,3,1,4,4,3,2,3,1,1,2,1,1,2,1,4,1,3,1,4,3,2,2,2,1,2,5,2,5,2,5,5,2,5,28.3623494364956,84.17810980981515,83.47244526992944
4,3,1,4,1,4,4,3,3,2,1,4,1,2,2,2,1,2,2,1,4,3,1,1,1,1,4,4,1,1,1,3,1,1,1,5,4,3,2,3,1,1,2,5,1,2,5,1,2,2,4,5,2,5,5,4,5,4,5,5,2,5,2,1,3,2,4,2,4,5,33.581100281237006,74.88831689737093,96.37042887650297
4,3,2,3,3,2,3,1,1,4,3,3,1,2,2,4,1,4,2,1,2,4,1,1,5,2,3,4,2,1,2,1,1,3,1,5,5,2,1,5,1,5,4,1,1,1,2,5,3,4,2,3,4,1,5,3,1,2,5,3,1,2,2,3,3,3,3,1,3,2,29.015460560947236,86.88124648689697,64.47282613546557
3,4,1,4,1,3,2,1,2,1,1,4,4,4,2,1,5,3,1,5,5,3,3,3,1,1,1,1,1,2,2,4,3,1,1,2,1,3,1,1,3,1,1,1,1,4,5,2,5,2,4,1,2,2,1,4,5,1,4,5,2,4,5,3,4,1,5,1,3,4,34.646890859096295,80.71573976499836,99.0254604344478
1,1,2,2,4,1,1,4,4,4,5,5,5,5,5,5,5,5,5,5,5,5,5,5,5,5,5,5,5,5,5,5,5,5,5,5,5,5,5,5,5,5,5,5,5,5,1,4,4,2,1,2,5,5,4,1,4,3,1,3,3,4,3,5,4,4,1,5,2,2,13.112946287741561,183.63229402862066,57.06537011250318
4,4,1,3,1,4,2,2,1,1,1,1,1,1,1,1,1,1,1,1,1,1,1,1,1,1,1,1,2,1,1,1,1,1,1,1,2,1,1,1,1,1,1,1,1,1,5,1,3,3,5,4,1,4,2,3,5,2,5,5,2,5,5,1,5,1,4,3,4,2,35.730512628640035,38.28526804495259,101.80798830386834
4,1,1,2,3,1,2,4,2,1,2,2,1,4,5,1,4,2,3,4,4,1,2,2,2,1,1,4,1,1,1,2,1,2,4,1,1,1,3,4,3,3,1,2,1,3,5,1,5,2,5,3,2,4,1,2,4,2,5,4,1,2,5,1,1,2,4,1,4,5,23.52153539385479,80.24446047173167,99.22562238747662
2,4,3,3,2,1,3,2,2,1,1,5,2,2,4,2,3,4,4,1,4,3,3,3,1,2,2,1,3,1,2,5,5,5,1,1,3,2,1,1,1,5,1,2,5,1,5,3,5,1,4,4,1,3,2,5,1,2,5,2,3,3,2,1,4,3,5,1,1,5,28.394359891435414,92.38971221502425,91.25938917169776
3,4,2,4,2,4,3,2,4,1,1,5,1,2,1,3,2,2,2,4,1,1,2,1,3,1,4,2,2,1,4,1,1,1,2,2,4,1,1,1,3,2,5,5,5,2,5,2,5,4,4,2,1,5,3,5,4,1,5,2,4,5,3,5,2,1,5,1,4,3,32.2710309945527,80.93440552974434,90.93110504643774
4,4,1,4,1,4,4,1,1,1,2,1,1,1,1,4,1,2,1,1,1,1,1,2,1,1,1,2,1,1,1,1,2,1,2,1,1,1,1,1,2,2,1,2,1,1,4,2,5,1,4,5,1,5,2,5,4,1,5,4,3,3,5,1,4,2,5,1,2,2,43.046148840868995,48.470107029599106,102.21516530619589
3,4,1,4,2,2,4,1,2,1,5,1,5,4,3,3,1,3,1,2,1,5,2,4,3,1,2,3,1,2,2,1,3,5,1,5,2,5,4,4,4,2,2,1,5,3,4,2,5,1,4,4,1,5,2,4,1,4,5,5,1,4,4,1,5,1,5,5,4,4,35.405584933665814,100.62137798192067,98.8045033669398
4,4,2,1,3,4,4,1,2,1,1,2,1,1,2,1,1,1,1,1,1,1,1,3,1,1,1,1,1,1,1,1,2,1,1,1,1,2,1,1,1,1,1,1,1,1,5,2,5,1,5,5,1,4,1,5,2,2,5,5,2,5,5,1,5,3,4,1,5,4,33.078985825663615,41.84848914735813,109.20016277517212
4,2,2,3,1,1,1,4,3,3,1,4,1,3,5,4,2,1,4,4,1,5,4,2,4,4,3,4,3,2,3,5,4,5,5,2,1,1,4,3,3,2,1,2,3,3,1,1,5,1,4,2,2,2,5,2,4,5,2,2,5,4,3,1,1,3,5,2,2,1,22.99665612509022,108.10710500258065,69.01171050809184
2,3,3,4,1,3,3,4,2,1,3,4,2,1,4,3,1,1,3,1,4,4,2,4,1,3,4,5,2,1,5,2,1,2,4,4,4,1,4,1,1,4,2,2,2,2,5,5,3,2,4,3,4,5,5,5,2,2,5,1,5,2,5,1,5,3,5,1,5,5,29.109096491407687,93.8253444221384,86.27326978324635
4,1,1,2,1,4,4,2,2,2,3,5,1,5,4,2,1,3,5,5,2,4,1,5,2,3,4,5,3,2,5,2,3,4,5,5,5,1,3,5,5,3,5,2,4,2,4,2,1,4,3,4,2,4,4,3,3,2,5,5,5,5,5,1,2,2,3,3,5,5,31.85441891204,123.9302797558258,85.70326494007409
2,1,2,1,1,4,4,2,2,2,3,2,1,3,3,2,2,4,5,3,5,1,2,5,2,4,5,1,5,5,5,2,2,1,5,4,2,2,2,5,3,4,5,2,4,4,3,2,4,2,5,5,2,2,1,3,5,2,2,5,2,3,4,1,3,3,4,2,4,2,28.09233074575377,114.54859993223592,91.16994331685058
3,2,2,3,4,4,4,4,4,4,3,5,5,3,2,1,3,2,5,3,5,5,1,4,4,3,3,4,3,4,4,5,4,3,1,2,5,4,4,3,4,2,1,2,5,1,5,3,5,2,3,5,4,3,4,5,3,4,4,4,1,4,1,5,4,5,5,2,2,5,22.537675830274,117.69047326179724,81.58027712965819
3,3,3,3,3,3,1,1,1,2,4,3,5,5,5,5,4,5,3,2,2,5,4,3,2,1,5,3,2,3,5,5,3,2,4,5,3,2,5,2,1,5,1,5,3,5,1,3,4,4,2,4,3,3,5,5,5,4,3,3,2,5,2,2,3,3,3,3,4,4,27.790682094228327,127.09680692440523,76.16484892994787
4,2,2,1,2,1,4,1,1,1,2,1,5,1,1,2,2,2,1,1,1,2,3,1,1,3,3,1,1,1,1,3,1,1,4,4,1,2,4,2,4,3,3,2,5,2,2,5,5,1,3,5,2,1,2,5,4,1,2,4,2,3,4,5,4,2,3,1,5,3,30.180629342568004,76.79629788277079,86.41760143422452
2,1,2,3,3,3,3,3,3,3,2,2,2,2,1,1,2,1,1,2,3,2,2,2,1,1,2,1,2,1,1,2,3,1,1,1,1,1,3,1,3,1,2,1,1,1,4,1,4,2,5,3,2,4,2,4,3,1,5,4,1,5,5,2,2,1,2,3,5,5,23.279459458624125,57.426468282100615,98.97131101766033
4,2,2,1,2,3,3,4,2,3,3,2,1,1,1,1,2,4,1,3,4,3,1,2,1,2,2,1,2,5,2,1,4,1,2,2,1,2,1,1,2,1,1,1,2,1,2,5,2,5,5,1,4,1,3,2,3,3,2,4,5,1,3,4,3,1,5,5,5,4,24.68761454741973,66.8324624247215,62.21688885486441
4,3,2,3,4,1,2,1,4,1,1,1,2,2,1,1,2,1,1,1,3,1,1,1,2,2,1,1,2,2,1,1,2,1,3,1,1,2,1,3,1,4,1,1,1,1,5,2,2,1,5,5,1,3,1,5,4,1,1,5,2,5,4,1,5,2,5,1,5,1,25.862422232567102,54.42945807321218,101.88263254674033
4,3,4,4,1,4,3,1,1,1,1,4,2,1,1,1,2,1,5,2,1,1,1,2,1,1,1,1,2,1,1,1,1,2,1,2,1,1,1,1,1,1,1,1,1,1,5,1,5,1,5,5,2,5,2,5,5,1,5,5,2,5,4,1,5,1,5,1,5,5,35.17493073257266,49.74085319438197,115.84847013525243
3,4,2,2,1,3,4,1,1,1,1,2,1,2,1,2,3,1,2,2,1,1,4,2,1,2,3,1,1,2,1,1,4,1,2,1,4,1,4,1,1,1,1,1,1,1,4,4,2,2,3,2,4,5,5,3,4,5,1,4,1,3,5,1,1,5,1,4,5,2,35.01649178402147,60.55149121217817,67.85874837767972
4,4,1,4,1,4,4,1,1,1,1,1,1,1,1,1,1,1,1,1,1,1,1,1,1,1,1,1,1,1,1,1,1,1,1,1,1,1,1,1,1,1,1,1,1,1,4,5,5,3,2,5,2,4,4,4,4,4,5,5,1,4,5,1,5,4,4,3,5,1,42.410887238296056,11.828071246632177,88.58721508486191
4,4,1,3,2,4,1,1,1,1,4,5,4,2,4,5,3,1,3,1,4,5,4,4,5,3,2,5,5,5,4,4,4,5,5,2,5,4,2,4,5,3,5,4,5,4,5,1,2,2,4,5,2,4,1,3,2,1,4,2,1,5,5,1,4,4,5,3,2,5,35.246963202496744,139.2808496742085,95.42368051474196
4,3,2,4,3,4,3,2,1,2,5,1,3,2,3,3,4,2,2,1,2,2,1,2,1,4,5,2,5,4,2,4,3,2,1,1,2,3,1,1,1,1,4,5,5,3,5,1,5,1,5,5,1,4,2,4,5,5,4,5,2,3,3,2,1,1,4,4,5,1,32.6563869103396,92.73157537573287,94.42615727633265
4,4,2,4,1,4,1,1,3,1,1,4,3,3,4,1,1,1,1,1,3,2,5,1,1,2,2,3,1,2,1,3,1,1,3,3,1,3,3,5,4,1,4,1,1,4,2,1,4,5,5,3,3,4,3,4,5,2,5,5,2,3,5,4,5,3,3,2,5,3,33.75788119737043,81.02900634600039,89.54885286173901
3,4,2,3,1,3,2,2,4,2,3,1,1,2,1,1,1,1,1,2,1,2,1,2,1,2,2,4,1,1,1,2,2,2,2,2,3,1,1,1,3,3,2,3,2,2,4,1,5,1,1,2,4,1,3,5,1,2,5,4,5,5,1,1,5,1,3,2,5,4,29.11782407930129,62.748197746173076,84.56514625804385
1,1,1,1,3,1,3,3,3,2,4,4,3,2,4,4,4,1,5,3,3,2,4,1,2,1,4,1,5,5,1,4,4,1,1,1,4,2,4,4,2,3,1,4,5,1,5,1,4,5,1,5,2,2,5,5,1,4,2,5,2,1,2,5,5,3,1,5,1,3,19.90932664731084,104.19807976304588,64.80195228659542
3,3,2,3,4,2,1,3,3,2,3,5,4,4,2,1,3,3,3,5,2,3,3,1,5,4,2,3,3,4,5,5,3,1,1,4,2,2,4,3,3,1,3,1,1,2,5,2,5,1,3,1,1,3,2,4,5,2,2,4,1,5,2,4,4,2,5,2,1,5,23.2381477735749,103.99268138352974,90.7189396500172
