gender,grade,topik,income,rses_1,rses_2,rses_3,rses_4,rses_5,rses_6,rses_7,rses_8,rses_9,rses_10,iss_1,iss_2,iss_3,iss_4,iss_5,iss_6,iss_7,iss_8,iss_9,iss_10,iss_11,iss_12,iss_13,iss_14,iss_15,iss_16,iss_17,iss_18,iss_19,iss_20,iss_21,iss_22,iss_23,iss_24,assis_1,assis_2,assis_3,assis_4,assis_5,assis_6,assis_7,assis_8,assis_9,assis_10,assis_11,assis_12,assis_13,assis_14,assis_15,assis_16,assis_17,assis_18,assis_19,assis_20,assis_21,assis_22,assis_23,assis_24,assis_25,assis_26,assis_27,assis_28,assis_29,assis_30,assis_31,assis_32,assis_33,assis_34,assis_35,assis_36,total_rses,total_iss,total_assis
1,4,1,3,4,4,4,4,1,4,4,4,2,2,3,2,5,1,1,5,5,5,5,5,4,5,5,4,4,5,5,3,5,4,5,5,5,5,1,1,1,1,1,1,1,1,1,1,1,1,1,1,1,1,1,1,1,1,1,1,1,1,1,1,1,1,1,1,1,1,1,1,1,1,33,101,36
1,4,0,3,1,4,3,2,1,2,1,2,4,3,4,1,4,4,4,2,4,2,2,3,2,5,3,4,4,1,3,5,2,4,4,4,1,3,3,4,5,5,4,4,5,5,5,5,5,5,5,5,3,5,5,4,5,5,5,2,1,4,3,5,2,5,5,3,3,2,5,5,5,5,23,75,152
1,1,1,3,4,1,4,3,4,4,4,3,4,4,4,5,5,4,1,4,1,4,1,1,3,3,3,5,4,4,1,5,5,5,3,1,5,5,2,2,1,4,2,5,5,3,1,5,2,5,5,2,2,4,2,4,4,4,3,2,2,3,4,4,5,1,5,2,3,4,1,1,2,1,35,82,107
2,1,1,1,4,4,4,3,4,3,1,4,2,2,4,2,5,5,2,4,4,1,2,2,5,2,4,4,3,3,3,2,4,4,2,2,5,3,1,1,2,1,2,1,4,1,2,5,1,1,4,1,1,1,3,1,1,1,2,1,1,2,1,2,1,1,1,1,4,1,1,3,2,1,31,77,60
2,4,1,1,4,1,1,2,2,4,4,1,4,1,3,4,5,2,5,5,2,3,3,1,3,2,5,5,2,5,5,2,3,4,3,4,3,4,2,3,5,2,1,3,3,5,5,1,2,1,3,1,2,2,4,3,3,1,3,5,3,2,1,1,3,5,2,5,2,1,1,1,1,1,24,83,89
2,3,1,2,1,4,2,4,2,3,1,4,1,1,2,4,5,4,5,4,5,3,5,5,4,1,3,4,4,4,4,4,5,4,3,4,5,5,1,1,4,3,1,5,5,1,1,3,5,2,4,4,5,4,5,1,1,1,1,1,1,1,3,1,1,1,2,3,1,2,2,1,1,1,23,96,80
2,4,1,1,2,2,3,4,4,3,3,2,1,2,4,2,2,2,2,3,3,4,2,5,3,2,5,4,4,2,4,2,2,1,4,4,5,4,5,5,4,4,4,3,4,5,2,1,5,4,5,5,5,3,4,5,3,5,4,4,5,2,3,5,5,4,4,1,3,3,5,3,2,1,26,75,135
2,3,1,2,4,4,3,3,3,1,4,1,4,1,1,5,4,1,4,4,5,5,5,5,4,1,3,2,2,1,3,1,5,3,5,5,3,3,3,2,3,5,5,1,5,4,5,5,1,5,1,5,5,1,1,3,1,5,5,3,1,1,5,1,1,1,1,2,5,2,2,3,5,2,28,80,106
2,4,0,1,4,4,4,4,4,1,1,4,3,2,3,5,5,5,4,1,2,4,5,3,5,5,5,5,5,5,4,4,5,3,5,3,1,3,1,3,2,3,1,1,5,4,5,4,3,1,1,3,1,1,1,1,2,2,5,5,1,2,2,3,3,2,1,2,3,1,3,1,2,1,31,95,82
2,4,1,2,2,2,4,4,3,3,4,2,4,4,5,5,4,4,4,5,3,4,5,3,5,5,5,2,5,4,5,4,5,3,4,5,1,5,1,2,1,3,1,1,1,1,1,1,5,1,5,3,3,2,3,5,2,3,2,1,2,2,2,3,2,1,2,2,4,1,1,1,1,4,32,100,76
2,4,0,2,1,4,3,1,4,2,3,1,4,1,1,3,4,1,2,4,2,1,4,5,5,5,2,3,1,5,2,5,2,1,4,2,4,2,5,1,3,3,2,1,3,1,3,1,1,1,3,4,3,1,3,3,2,3,1,2,1,1,3,3,3,2,2,1,5,1,5,5,3,5,24,70,90
1,2,0,1,1,2,2,4,2,4,3,3,1,4,5,4,4,1,5,2,3,5,3,3,4,5,4,1,5,4,3,3,4,4,5,5,5,5,2,1,1,1,1,4,4,5,3,3,2,3,1,2,2,3,2,3,3,3,3,5,2,2,2,3,5,3,2,1,2,2,4,2,1,1,26,92,89
2,1,1,1,3,2,3,3,3,3,3,3,2,3,5,2,3,2,2,3,4,5,2,5,5,2,4,5,1,2,4,2,2,4,4,2,3,5,3,3,3,1,1,1,2,1,3,2,3,1,2,2,1,2,1,1,5,2,1,3,1,2,1,5,3,4,4,5,5,1,2,3,2,1,28,78,83
1,4,1,1,4,4,4,1,4,3,4,4,4,4,3,1,4,5,5,5,4,5,5,5,4,5,4,3,2,3,5,4,5,5,5,5,5,5,1,2,1,1,1,1,1,1,1,1,1,1,1,1,1,2,1,1,1,2,1,1,1,1,1,1,1,1,1,3,1,1,1,1,1,1,36,102,41
2,3,1,2,4,4,4,4,4,4,4,4,4,4,5,5,5,4,4,2,4,5,3,5,5,1,1,3,5,2,2,4,5,1,4,2,5,4,2,1,1,1,1,1,1,1,1,2,4,1,2,1,2,2,1,1,1,1,1,1,1,1,1,1,1,1,1,1,1,2,1,1,1,2,40,86,46
1,4,0,2,4,4,4,4,3,4,3,4,4,4,5,5,5,4,4,4,5,4,5,5,4,5,3,4,4,2,1,5,2,2,5,5,5,5,5,4,4,2,3,4,5,4,4,2,2,2,1,1,1,1,3,4,1,5,2,4,4,4,5,3,3,1,1,2,5,2,4,3,3,3,38,98,107
1,1,1,1,1,2,3,3,2,4,4,2,3,4,4,5,4,4,1,5,5,5,5,5,3,5,2,5,3,4,5,4,3,4,5,5,2,5,1,3,2,1,3,1,3,1,1,1,1,5,2,4,4,1,2,5,4,4,1,1,2,1,1,1,1,1,2,4,2,2,2,1,3,1,28,98,75
1,1,0,1,4,1,1,4,2,3,1,3,2,3,3,2,2,2,1,2,1,4,4,1,3,5,4,5,5,5,4,5,4,4,4,2,5,5,2,1,1,1,1,1,1,1,1,1,1,1,1,1,1,1,1,3,1,1,1,1,1,1,1,2,1,1,1,1,1,5,2,1,1,2,24,82,46
1,1,1,3,4,4,4,4,3,4,3,4,4,3,5,5,3,5,5,4,5,5,5,5,5,2,5,5,4,5,4,1,4,5,5,4,4,5,1,1,1,1,1,1,1,1,1,2,1,1,1,1,1,1,1,1,1,1,1,3,2,3,1,1,1,2,1,1,2,1,1,1,1,1,37,105,44
1,2,1,1,3,3,3,1,4,4,4,3,4,3,4,3,5,5,2,5,5,2,3,5,4,5,4,3,4,5,2,5,2,4,4,5,5,4,1,1,1,1,2,1,1,1,1,1,1,1,1,1,1,1,1,3,1,1,1,1,1,1,1,5,1,1,1,2,1,1,1,1,1,1,32,95,44
1,3,1,2,4,4,4,2,4,3,4,3,4,3,1,3,3,3,2,5,4,2,4,1,3,2,5,3,3,1,5,5,1,5,5,5,5,5,2,2,1,2,2,1,1,1,1,2,1,1,1,1,1,2,1,1,1,1,1,1,1,1,1,1,1,1,1,1,1,1,1,1,1,1,35,81,42
2,4,1,3,3,3,1,3,2,4,2,3,3,3,4,2,1,5,3,5,4,2,5,5,3,3,5,2,4,3,1,3,5,2,5,5,3,4,2,1,1,4,1,3,1,1,1,1,1,3,4,2,3,2,1,1,1,1,1,1,2,1,1,1,1,1,1,1,2,1,1,3,3,1,27,84,57
1,4,1,3,4,4,4,3,3,4,4,4,4,4,4,5,3,3,2,5,5,5,5,5,4,3,5,5,1,2,1,2,5,3,5,5,5,5,1,1,1,1,1,1,1,1,1,1,1,1,1,1,1,1,1,1,1,1,1,1,1,1,1,1,1,1,1,1,1,1,1,1,1,1,38,93,36
1,3,1,3,4,1,4,2,3,4,4,2,2,1,2,1,1,5,2,1,3,2,3,1,3,5,3,1,4,2,3,2,2,4,5,3,2,3,4,5,4,5,5,1,2,5,4,4,4,5,4,1,4,2,5,4,5,5,5,5,3,5,4,4,2,3,3,4,2,5,3,1,5,5,27,63,137
1,1,0,1,4,1,1,3,1,4,4,1,3,1,5,2,4,1,1,5,3,4,5,4,1,4,4,2,1,1,4,4,4,1,5,5,3,5,3,1,1,2,5,3,5,2,5,5,1,4,5,3,1,1,1,5,1,4,3,1,2,2,3,1,4,1,3,1,1,1,1,1,4,4,23,78,91
2,4,1,1,4,1,1,1,3,4,2,1,3,4,3,5,2,3,5,1,3,1,2,2,3,2,1,1,3,2,5,3,2,5,3,5,5,5,2,2,2,2,4,1,2,5,1,4,4,2,1,2,3,4,4,3,3,4,3,5,1,5,3,3,1,1,3,2,1,2,1,3,2,4,24,72,95
2,1,0,1,1,3,2,1,3,2,4,4,2,4,1,4,1,4,5,5,5,5,5,5,5,5,5,2,3,5,5,2,5,5,5,5,5,5,1,1,1,1,1,1,1,1,1,1,1,2,1,1,1,1,1,1,1,1,1,1,1,2,1,1,1,1,1,1,1,1,1,1,1,1,26,102,38
1,2,1,2,4,3,2,3,1,4,4,1,3,2,5,4,3,4,4,5,5,5,5,5,2,2,5,2,5,4,2,4,2,5,4,3,3,4,1,1,1,1,1,1,1,1,1,1,1,1,1,1,1,1,1,1,1,1,1,1,1,1,1,1,1,1,1,1,1,1,1,1,1,1,27,92,36
1,1,1,1,2,1,4,3,3,2,1,4,4,4,5,5,1,3,4,5,4,4,4,2,2,2,2,5,1,2,3,5,1,5,3,2,2,4,1,1,5,3,1,5,5,3,3,3,1,1,4,3,1,1,4,1,3,4,2,4,4,5,1,3,1,2,1,2,5,3,1,2,5,2,28,76,96
2,1,0,1,4,4,3,4,2,3,4,4,1,3,1,1,4,4,5,5,5,4,5,5,5,5,5,5,2,5,5,5,5,4,2,4,4,5,1,1,1,1,1,1,1,1,2,2,2,1,1,4,1,1,1,1,1,1,3,2,1,1,3,1,1,1,1,2,1,3,1,1,1,1,32,100,50
1,2,1,2,3,4,4,3,3,4,3,4,3,4,4,2,2,2,5,5,4,3,2,5,5,4,5,5,4,3,4,2,4,2,3,5,5,4,1,1,1,1,1,2,2,1,2,3,1,1,3,1,2,2,3,2,1,1,2,1,3,2,1,3,5,1,1,4,2,1,2,4,1,1,35,89,66
1,3,0,3,4,4,3,4,4,1,3,3,1,4,5,3,3,1,1,2,4,5,5,2,2,5,4,3,3,4,3,3,1,5,5,5,3,3,2,2,3,1,1,3,1,2,2,2,5,4,2,2,1,3,1,2,1,3,1,1,1,1,1,1,1,1,1,1,4,1,3,1,2,3,31,80,67
2,3,0,3,4,3,4,3,4,3,4,1,1,1,5,2,1,4,1,5,5,4,1,1,4,3,4,4,2,5,3,5,5,4,5,5,5,5,4,1,4,2,2,4,2,1,1,4,2,1,1,1,1,1,2,2,2,2,2,5,3,5,4,2,1,1,4,2,4,1,1,1,1,1,28,88,78
1,1,0,1,2,1,3,3,1,1,2,1,4,1,5,2,1,4,4,5,4,5,5,5,2,4,4,4,5,4,4,1,2,4,5,4,5,5,1,4,5,4,4,5,2,3,3,4,5,5,5,5,5,1,4,1,3,1,5,5,4,5,5,5,5,3,4,2,1,2,2,5,5,5,19,93,133
2,1,1,3,1,3,2,2,1,3,4,3,4,4,5,5,5,5,4,4,3,2,5,5,3,1,2,2,4,5,3,3,2,5,5,5,5,4,1,1,1,3,2,2,5,3,2,4,4,2,3,5,2,5,4,4,1,1,1,3,1,2,2,3,1,3,3,5,3,4,3,4,1,3,27,92,97
1,3,0,2,2,4,1,2,4,3,1,2,3,4,4,2,1,3,5,4,1,5,2,2,2,4,2,5,3,4,2,3,3,4,5,2,5,5,2,4,3,4,5,2,5,3,3,4,4,5,5,5,1,4,3,1,1,4,4,1,3,1,3,5,2,5,5,3,5,1,3,3,3,3,26,78,118
1,2,1,1,2,1,3,1,2,2,1,4,2,3,2,5,4,5,5,5,3,4,5,5,1,1,1,4,3,5,5,2,5,3,5,4,1,5,1,2,3,4,3,4,4,3,2,1,5,1,3,3,5,3,2,5,1,3,1,3,4,5,5,5,5,4,5,5,3,4,2,3,4,4,21,88,120
1,2,0,3,3,3,2,3,4,2,3,3,1,4,5,5,5,5,5,5,2,5,5,3,5,5,5,5,5,5,5,5,3,3,1,4,2,1,3,3,2,3,5,1,2,2,2,1,5,3,1,4,3,1,1,4,2,4,1,4,3,1,2,5,2,5,2,3,3,5,2,5,3,4,28,99,102
2,2,1,2,4,4,3,4,4,4,4,3,3,4,4,4,5,5,1,3,3,4,4,4,2,2,5,4,4,5,5,5,3,1,4,5,3,5,2,1,1,2,3,1,1,1,1,1,2,1,1,1,1,2,1,1,1,1,1,2,1,4,1,1,1,2,2,2,1,1,1,1,1,1,37,90,49
1,1,1,2,1,4,2,4,4,3,2,4,1,1,3,3,2,1,1,1,2,2,2,3,2,3,3,3,5,4,4,3,2,4,5,2,2,1,2,2,3,2,3,3,1,1,2,1,5,2,1,1,2,2,1,3,1,2,2,1,2,2,1,2,1,1,2,1,3,1,1,2,2,2,26,63,66
2,4,1,3,4,1,3,3,4,3,3,3,3,4,1,2,1,5,2,4,2,5,5,5,4,2,2,4,3,3,5,5,5,4,1,1,1,3,3,4,5,2,4,4,4,1,2,5,3,4,5,4,5,5,3,2,1,2,1,3,1,1,1,4,4,1,3,2,1,1,1,3,2,1,31,75,98
1,2,0,3,4,4,4,4,4,4,4,4,3,4,5,4,5,3,2,4,5,3,3,2,3,5,2,1,3,1,5,5,4,3,1,5,4,2,3,5,4,1,1,3,1,3,2,1,2,2,3,4,5,2,1,3,1,1,3,2,5,2,1,5,3,2,4,1,3,2,2,3,3,5,39,80,94
2,4,0,2,3,1,3,1,4,2,2,2,2,2,3,1,3,5,5,3,4,5,4,5,1,3,4,2,2,5,5,5,4,5,5,5,4,3,1,4,5,1,5,2,2,5,3,4,5,2,3,5,5,2,2,5,2,2,2,4,2,2,3,4,4,4,1,2,1,3,4,2,2,4,22,91,109
1,3,1,1,4,3,3,3,2,4,1,1,1,4,5,5,3,5,3,2,1,4,3,3,5,2,2,4,1,3,2,5,2,4,4,2,1,5,5,1,1,2,3,2,1,2,1,3,2,5,4,2,4,2,1,1,1,4,2,2,2,1,2,1,1,1,1,2,1,1,3,1,3,2,26,76,73
2,2,1,3,2,1,3,1,3,1,4,3,3,2,3,2,3,4,1,5,4,4,5,1,4,1,4,3,2,5,5,5,4,5,3,3,5,5,5,5,5,2,1,3,5,2,1,2,3,4,4,2,3,1,4,4,1,3,5,5,3,4,5,5,2,4,2,4,2,1,1,5,4,3,23,86,115
2,4,1,3,1,4,3,4,2,4,2,2,2,2,4,2,5,3,1,1,1,4,1,1,3,4,2,2,4,1,3,5,1,1,2,2,4,1,4,4,5,4,5,4,5,5,5,4,4,5,4,5,3,5,2,4,4,2,5,5,4,5,5,3,3,1,3,3,1,3,5,5,2,5,26,58,141
1,4,1,1,4,4,4,3,4,4,3,2,4,3,5,5,5,5,2,5,5,5,5,4,2,3,3,3,4,3,2,5,1,4,5,5,5,5,1,1,1,1,1,1,1,1,1,1,1,1,1,1,1,1,1,1,1,1,1,1,1,1,1,1,1,1,1,1,1,1,1,1,1,1,35,96,36
2,3,1,3,1,2,4,2,4,3,4,3,4,2,5,5,3,5,5,5,1,2,2,4,3,4,2,3,5,5,1,2,5,4,3,4,3,5,1,2,1,1,4,4,2,1,1,2,4,4,2,2,2,3,1,3,2,1,1,1,1,4,2,5,1,5,3,3,5,1,3,4,2,2,29,86,86
1,4,1,1,3,2,3,4,3,4,3,4,2,4,1,1,2,1,4,4,3,2,4,4,5,5,4,1,4,5,2,5,1,3,5,3,5,5,2,1,2,1,1,4,4,1,3,1,1,1,4,1,1,1,2,3,1,2,2,2,5,1,1,1,1,1,5,1,1,2,4,2,3,1,32,79,70
2,3,0,2,2,3,4,2,2,4,2,4,4,2,4,5,5,2,2,4,1,4,5,2,5,3,5,5,5,3,3,3,2,2,5,5,5,5,1,1,1,1,1,1,1,1,1,1,1,1,1,1,1,1,1,1,1,1,1,1,1,1,1,1,1,1,1,1,1,1,1,1,1,1,29,90,36
2,1,1,3,2,4,4,3,3,4,4,4,4,2,3,5,5,4,5,3,2,1,5,5,4,4,5,5,4,4,5,3,3,2,1,5,4,2,1,5,5,2,4,1,4,4,1,1,3,5,1,3,3,3,2,4,2,1,5,5,4,2,5,4,1,1,5,2,3,2,4,2,2,2,34,89,104
2,3,0,1,4,3,2,4,1,1,4,4,3,4,3,4,5,5,4,5,4,5,5,5,4,5,4,2,5,2,1,5,3,5,3,3,3,1,2,3,5,1,3,1,2,1,1,2,3,3,1,4,1,1,1,1,1,2,1,1,1,1,1,1,1,2,1,2,3,4,2,4,1,1,30,91,66
1,2,1,1,4,4,4,4,4,3,4,4,3,4,3,3,2,3,3,1,3,2,1,1,4,3,2,4,4,4,5,4,2,5,5,5,5,5,1,2,1,1,1,2,2,1,1,2,1,1,1,1,2,1,1,1,1,1,1,1,1,1,1,1,1,2,1,1,1,2,1,1,1,1,38,79,43
2,4,1,1,4,3,2,1,3,2,1,2,4,4,2,1,1,3,2,5,1,1,5,5,4,3,5,3,3,3,3,2,2,5,4,4,5,5,5,5,2,5,5,4,5,5,4,5,5,5,5,5,4,4,5,4,1,5,5,5,5,3,4,4,5,4,4,5,5,4,4,4,5,3,26,77,157
2,4,0,3,4,4,4,4,4,2,4,4,3,4,4,5,5,5,5,2,5,1,3,2,5,5,5,5,5,3,3,1,4,4,5,5,5,5,3,1,1,1,2,1,1,1,3,2,1,1,2,1,4,1,1,1,1,1,2,1,4,1,1,1,1,1,1,1,1,1,3,1,1,1,37,97,52
2,1,0,3,2,2,3,4,1,3,2,4,1,1,1,4,5,1,3,1,2,2,1,5,3,3,2,5,2,4,4,4,2,2,5,1,3,5,1,2,5,4,5,1,3,1,3,1,4,4,1,3,2,4,3,5,3,5,2,5,5,5,1,3,4,2,3,1,5,1,4,5,4,2,23,70,112
2,1,0,3,4,4,3,4,3,4,4,4,3,4,5,3,3,5,4,5,5,5,4,4,5,5,5,5,5,5,2,1,4,3,3,5,5,5,1,1,2,1,1,2,1,1,1,1,1,1,1,1,1,2,1,1,1,1,1,1,2,3,1,1,2,3,1,1,2,1,1,1,2,2,37,101,48
1,4,0,2,1,3,2,2,3,2,3,2,1,3,5,2,5,5,5,5,4,4,2,3,4,3,5,2,3,1,4,2,4,4,3,1,3,4,1,1,5,1,2,1,5,5,1,1,5,1,5,1,3,1,5,3,1,2,5,4,3,1,4,5,4,4,5,1,2,2,1,1,4,2,22,83,98
2,2,0,1,3,3,2,4,4,4,4,2,4,1,5,5,5,5,4,1,5,3,2,5,5,2,5,4,3,1,3,3,3,3,4,5,5,5,2,5,1,3,4,3,4,1,3,3,5,3,2,4,2,1,2,1,1,2,4,5,4,3,1,4,5,5,5,2,1,3,4,4,1,3,31,91,106
1,4,0,3,4,4,4,4,4,4,4,4,4,4,5,1,4,4,4,2,5,5,2,5,4,4,4,5,5,5,5,5,5,4,5,5,5,5,1,1,1,1,1,1,1,1,1,1,1,1,1,1,1,1,1,1,1,1,1,1,1,1,1,1,1,1,1,1,1,1,1,1,1,1,40,103,36
1,2,1,2,2,1,3,2,3,1,3,2,4,2,4,2,5,3,2,1,4,4,3,2,2,2,4,1,1,3,1,4,1,5,5,5,5,5,4,5,4,5,5,4,4,5,5,5,4,3,5,4,5,4,3,2,4,2,4,3,3,5,4,3,4,5,5,5,4,5,1,2,3,5,23,74,143
1,1,1,1,2,3,1,4,2,4,3,2,2,3,5,5,3,3,3,5,1,5,1,4,2,2,3,3,1,1,4,4,5,3,5,5,5,4,2,1,1,1,3,3,3,1,4,4,2,2,2,1,1,1,3,3,4,1,1,4,1,2,1,1,4,1,3,4,2,1,2,2,2,3,26,82,77
1,2,1,2,2,2,3,3,4,3,4,4,4,3,2,1,1,2,3,3,4,5,4,5,5,4,3,5,5,5,5,2,5,5,2,2,3,1,4,2,2,2,2,5,3,1,2,5,1,1,5,3,2,3,1,2,1,4,4,3,2,5,1,2,2,3,5,4,1,1,2,3,2,1,32,82,92
2,1,0,3,4,1,1,3,2,1,2,3,3,1,3,5,4,1,4,2,4,3,5,4,3,3,5,1,3,1,5,4,2,2,5,5,3,3,1,5,2,2,2,3,5,5,2,4,5,5,4,4,3,1,3,5,4,1,2,4,2,1,4,5,5,5,5,5,3,3,3,2,3,2,21,80,120
2,4,1,1,4,2,4,4,4,3,2,2,2,4,5,4,5,4,2,4,1,5,2,5,4,5,5,3,4,1,3,1,2,3,3,3,3,3,5,3,4,4,3,5,4,5,4,1,5,4,5,2,5,1,1,1,3,2,2,5,2,5,1,2,2,4,1,1,4,2,3,3,3,4,31,80,111
2,4,1,2,1,4,4,2,4,4,3,4,4,3,5,5,4,5,4,3,1,4,5,4,3,4,5,4,1,3,1,3,3,5,5,4,5,3,3,4,4,5,2,3,2,4,4,5,3,2,5,3,3,1,1,1,1,3,3,3,3,2,3,2,5,2,1,5,5,1,3,3,1,1,33,89,102
2,4,0,1,4,3,4,4,3,4,3,4,4,2,2,4,5,5,3,5,4,5,2,5,2,2,1,4,3,2,5,3,1,5,2,5,1,5,1,1,2,2,3,1,1,1,1,1,3,1,1,1,5,3,1,1,3,1,4,2,1,3,2,1,1,1,1,1,1,5,2,1,1,5,35,81,66
2,1,0,1,4,4,4,4,3,3,4,2,4,4,5,5,5,4,4,5,1,3,3,5,5,4,5,4,5,4,5,5,5,5,5,5,5,5,3,4,2,2,5,2,2,2,1,2,1,2,3,1,1,5,1,1,1,2,1,2,1,2,4,1,2,1,1,1,1,4,1,4,2,1,36,107,72
1,3,0,2,1,4,3,3,4,1,2,3,3,3,5,5,5,5,5,5,4,5,4,4,2,4,5,5,2,4,5,3,4,4,4,5,1,5,4,1,1,1,1,1,1,1,1,4,1,4,1,3,4,1,1,2,4,1,1,2,1,1,1,1,2,3,5,1,3,1,2,2,1,3,27,100,68
1,3,1,2,3,2,1,2,2,2,4,4,4,1,3,2,5,3,4,3,1,5,1,5,2,5,1,1,2,1,2,3,3,1,1,1,2,1,1,4,5,4,1,4,2,2,3,1,2,2,1,4,4,1,1,2,3,2,3,1,3,2,2,1,4,4,2,2,1,3,2,2,4,3,25,58,88
2,4,1,2,4,2,3,4,3,4,2,4,3,1,5,5,4,3,5,1,4,5,4,5,4,1,4,3,1,1,2,1,1,1,3,2,3,3,5,2,5,5,2,5,5,5,2,4,5,2,1,4,3,2,1,4,1,3,3,4,1,5,4,2,3,3,1,3,2,4,5,5,2,2,30,71,115
1,4,1,2,2,1,2,4,3,3,2,2,3,4,4,5,1,5,3,5,4,5,2,3,1,3,2,5,1,5,4,2,5,2,3,4,2,5,3,1,3,1,3,1,1,2,2,5,2,1,1,1,1,1,2,1,1,2,1,2,1,2,1,1,1,1,1,1,1,1,1,2,1,1,26,81,54
1,2,0,3,1,3,4,1,1,4,2,2,3,3,2,3,2,4,2,2,5,2,5,4,4,3,1,4,5,3,1,1,2,1,4,3,2,4,5,3,1,1,1,1,1,4,1,2,4,5,4,2,1,2,1,4,1,2,2,1,1,3,2,3,2,1,4,2,3,2,1,2,1,1,24,69,77
1,1,1,1,4,3,3,2,1,4,3,2,1,4,2,4,4,1,4,4,2,5,5,5,1,4,3,1,4,1,4,3,4,1,3,5,5,5,5,4,4,4,3,1,1,2,5,1,1,3,2,2,3,5,2,1,2,3,4,2,1,1,5,3,1,3,4,4,1,1,1,1,1,2,27,80,89
2,3,0,1,2,1,1,3,4,1,1,1,4,3,2,3,5,1,2,2,5,4,4,5,4,2,3,4,4,4,5,5,3,2,5,5,5,3,1,1,5,2,2,2,1,5,1,1,2,5,2,1,3,3,5,5,5,2,5,4,5,1,3,1,2,1,1,5,3,2,1,5,4,1,21,87,98
1,3,1,3,3,4,2,4,4,2,2,2,3,4,1,1,3,3,3,4,5,3,3,2,5,2,5,5,5,5,5,5,5,5,5,5,4,3,2,3,1,4,5,2,1,1,2,3,1,1,1,1,1,1,1,2,2,4,4,1,1,1,1,5,2,3,2,4,4,5,1,1,1,1,30,92,76
2,4,0,3,3,4,4,4,4,4,4,4,4,4,5,5,2,5,2,5,4,5,1,3,5,4,5,5,5,4,5,4,5,4,3,3,2,5,4,5,5,2,3,2,5,4,3,4,2,3,2,3,4,1,5,1,1,5,4,1,5,3,4,1,5,5,1,1,2,1,2,1,1,1,39,96,102
2,2,1,3,2,3,1,1,4,3,1,2,2,3,3,3,3,3,5,3,4,4,2,4,2,3,2,5,4,1,5,4,1,2,5,5,4,4,1,1,1,1,2,4,4,4,3,3,4,1,5,3,4,5,2,4,5,4,3,5,3,3,2,3,3,3,3,1,3,5,1,1,3,2,22,81,105
2,3,1,1,3,2,4,4,3,3,4,3,1,4,1,5,1,2,1,4,5,3,5,5,2,3,5,1,1,2,5,4,5,4,2,5,4,2,3,5,5,4,5,5,5,5,5,5,4,1,5,2,4,4,5,5,5,4,2,5,5,1,3,4,5,5,4,4,2,4,3,5,3,4,31,77,145
1,1,1,2,3,4,1,4,4,3,4,4,4,1,5,4,1,2,1,5,2,5,4,4,3,4,1,3,4,3,5,1,4,3,5,4,4,5,1,1,1,1,1,1,1,1,2,1,1,1,2,5,4,2,1,2,1,2,1,1,1,1,1,5,3,3,2,3,4,1,1,2,2,1,32,82,64
2,2,0,2,3,4,4,4,4,2,3,4,2,3,2,5,1,4,5,4,4,5,5,5,3,3,5,2,1,2,5,4,5,3,5,5,5,5,4,4,2,3,4,1,4,1,5,3,4,2,4,1,1,1,5,3,3,4,5,3,1,3,1,1,1,1,1,3,3,2,3,5,3,2,33,93,97
2,3,1,2,4,4,4,4,4,3,3,3,1,3,4,5,5,5,4,5,5,5,5,5,1,3,4,2,2,5,5,5,5,5,5,5,5,5,1,1,1,1,1,1,1,1,1,1,1,1,1,1,1,1,1,1,1,1,1,1,1,1,1,1,1,1,1,1,1,1,1,1,1,1,33,105,36
1,4,1,3,2,1,1,3,4,4,3,4,1,3,2,5,1,5,4,4,4,2,2,1,4,4,3,1,3,4,4,5,1,5,5,5,4,5,1,3,1,1,5,1,3,2,4,3,3,3,2,3,4,3,1,3,2,4,1,4,5,5,4,4,3,4,5,4,2,5,4,1,5,2,26,83,110
1,2,1,3,3,4,1,4,3,4,3,4,1,2,4,4,1,5,5,4,4,4,4,3,1,5,1,1,5,1,3,1,2,1,4,1,3,2,5,5,5,4,4,4,1,2,3,1,4,2,5,3,2,5,2,5,5,5,4,2,3,3,2,3,5,5,3,3,4,2,1,3,3,4,29,69,122
1,4,1,1,4,4,4,3,4,4,4,4,4,4,5,5,5,5,4,4,5,3,5,2,5,4,5,4,4,4,5,5,5,3,5,5,5,5,1,1,1,2,1,5,4,4,3,1,4,5,2,2,3,3,1,4,5,2,4,2,4,1,1,3,1,1,1,2,2,1,1,1,2,4,39,107,85
2,1,0,2,4,4,4,4,4,4,4,4,4,4,5,5,5,1,1,5,4,1,5,4,5,5,5,5,4,4,4,1,1,4,5,5,5,5,1,4,1,1,1,3,2,5,1,5,4,3,3,3,3,4,2,2,2,4,3,2,1,1,2,3,3,2,2,1,4,1,5,5,1,1,40,94,91
2,3,0,1,4,2,1,2,4,3,3,3,4,4,1,5,5,3,4,1,5,2,2,4,2,4,3,3,2,4,2,2,1,5,5,5,5,4,1,1,1,3,2,4,2,1,1,1,2,3,1,2,3,2,3,3,1,4,3,1,2,1,1,4,4,1,4,4,2,3,1,2,1,2,30,79,77
2,4,1,3,4,3,3,1,3,3,4,1,4,4,3,2,5,5,5,3,1,2,5,3,1,1,2,5,2,4,4,2,4,3,4,5,5,5,2,5,4,1,1,3,3,2,2,1,5,1,5,1,2,1,2,4,2,2,4,3,1,4,1,4,2,2,1,2,1,2,1,3,1,4,30,81,85
2,3,0,1,3,1,3,1,4,1,2,3,1,4,5,5,5,4,4,4,5,5,5,4,3,5,5,4,2,3,5,4,5,4,4,5,3,5,1,1,1,1,1,1,1,1,1,1,1,1,1,1,1,1,1,1,1,1,1,1,1,1,1,1,1,1,1,1,1,1,1,1,1,1,23,103,36
1,4,0,1,4,4,4,4,3,2,3,3,3,1,4,2,3,2,3,4,5,1,2,4,3,4,5,4,1,5,3,5,4,4,5,5,5,5,5,1,4,3,1,1,1,1,1,1,2,5,1,1,2,1,1,1,2,4,2,1,2,4,1,4,3,1,3,1,4,1,5,5,1,2,31,88,79
2,1,0,1,4,4,4,1,4,4,1,1,2,2,5,3,2,4,2,4,5,5,5,4,5,2,1,3,4,5,5,5,5,4,2,5,5,3,5,5,2,4,1,1,4,4,4,1,5,5,2,3,4,1,3,2,4,2,1,1,1,2,4,1,5,2,3,2,1,1,2,5,1,3,27,93,97
1,1,1,1,3,3,3,4,4,4,3,3,2,2,3,1,4,2,2,5,3,4,4,2,5,2,3,3,4,5,1,5,5,2,4,1,3,1,2,1,5,3,2,5,5,4,4,3,3,3,2,2,1,5,4,4,4,2,5,3,5,5,2,4,5,2,5,2,2,4,5,1,3,2,31,74,119
1,4,1,3,2,3,2,1,3,3,4,3,3,3,2,3,3,1,5,5,4,2,4,4,4,5,5,5,4,4,5,5,4,2,4,5,4,4,1,1,1,1,1,2,1,2,2,3,1,1,1,2,2,1,1,1,1,1,2,1,1,1,1,1,1,1,1,2,1,1,1,1,1,1,27,93,45
1,4,0,3,2,3,2,4,4,4,2,2,4,4,5,2,2,1,2,1,2,3,3,1,1,1,2,5,3,3,5,5,5,5,5,1,3,5,1,3,5,5,5,4,2,3,2,3,4,1,4,5,3,4,3,1,5,4,5,3,5,2,5,1,5,4,1,3,2,1,4,5,3,4,31,71,120
2,1,1,1,1,2,2,1,3,3,3,1,1,3,2,3,3,2,3,3,3,5,3,5,1,1,4,3,1,2,5,2,2,3,4,4,4,2,1,5,1,5,2,4,1,4,5,5,1,1,3,3,4,1,1,1,1,3,2,2,1,1,1,3,1,2,1,2,3,1,2,2,3,2,20,70,81
2,1,1,1,3,3,4,3,2,4,4,2,4,3,5,3,5,5,4,2,5,5,5,5,5,4,5,5,2,4,5,1,5,4,4,4,5,4,3,1,3,4,3,5,1,2,3,2,5,4,5,2,2,3,1,1,2,1,2,1,2,1,4,1,2,2,3,2,1,1,1,3,1,1,32,101,81
1,4,0,1,2,1,4,4,3,4,3,4,4,3,5,4,2,5,1,1,3,1,2,5,3,2,2,1,5,4,5,3,4,3,5,1,4,5,1,2,5,2,2,1,1,1,2,1,1,1,1,4,1,1,1,5,4,3,1,4,4,5,1,2,3,1,1,2,3,1,2,1,3,1,32,76,75
1,2,1,1,2,1,3,4,3,1,3,4,2,2,5,2,5,4,5,4,5,5,5,5,2,3,3,1,3,3,3,2,3,1,4,5,3,1,3,1,5,4,1,1,3,5,2,2,4,5,4,4,3,1,1,2,1,3,1,1,2,1,1,1,1,1,1,3,5,2,2,3,1,5,25,82,86
1,3,0,3,4,2,1,4,4,2,4,3,1,1,3,4,5,5,1,3,4,5,5,4,1,2,2,4,5,1,5,2,3,4,5,4,5,5,2,3,5,5,3,1,2,2,4,1,1,4,2,1,4,5,3,2,5,1,1,5,4,2,4,4,1,5,1,3,2,3,2,1,4,4,26,87,102
1,4,1,1,3,3,3,2,2,1,1,3,1,1,3,5,2,3,2,5,3,4,3,5,2,5,3,3,2,1,3,1,4,3,1,5,3,1,2,5,1,1,2,1,1,1,1,2,3,1,1,1,1,1,1,1,1,1,2,1,1,2,3,2,2,5,1,3,1,2,1,3,1,3,20,72,62
1,3,1,1,1,1,3,4,4,4,2,4,2,2,2,5,3,2,5,4,2,2,2,5,4,5,5,5,5,2,2,4,3,2,3,4,3,5,1,1,4,2,5,3,2,1,1,2,1,2,4,2,3,2,3,1,2,3,5,4,4,3,1,4,1,4,2,1,1,1,3,3,2,2,27,84,86
1,4,1,2,2,3,2,4,2,2,3,4,2,1,2,2,4,3,1,5,5,5,5,5,2,5,5,3,4,2,2,2,4,2,4,2,4,5,1,3,2,1,1,2,1,2,1,1,3,1,2,2,1,1,4,1,3,2,3,1,1,2,1,1,1,1,1,1,1,3,1,5,2,1,25,83,61
1,4,1,1,4,4,4,4,3,3,3,4,4,3,4,1,4,1,5,2,4,3,2,4,5,5,4,4,4,2,5,3,4,4,5,3,4,5,1,2,3,1,2,1,3,5,1,4,1,1,1,1,1,1,2,1,1,1,1,2,1,1,4,1,3,2,2,1,1,1,1,1,1,2,36,87,59
2,3,0,1,4,4,4,3,4,4,4,2,2,4,5,1,3,3,5,1,3,4,3,3,5,5,5,4,5,1,5,5,1,1,5,5,4,5,1,1,1,1,1,1,1,1,1,1,1,1,1,1,1,1,1,1,1,1,1,1,1,1,1,1,1,1,1,1,1,1,1,1,1,1,35,87,36
1,4,1,1,4,1,2,4,4,1,4,3,4,2,5,5,4,3,2,2,5,2,1,5,1,5,2,5,5,2,1,2,2,4,5,5,4,5,2,1,1,1,1,1,2,5,1,1,1,1,1,1,1,1,1,1,1,1,1,2,1,1,1,2,1,1,1,1,1,2,1,1,1,1,29,82,45
1,1,1,2,4,2,4,3,4,3,2,4,3,2,4,5,1,5,5,5,4,4,2,4,4,3,3,3,3,2,2,1,5,4,4,5,4,5,5,5,3,5,3,4,2,2,1,1,3,2,2,1,3,3,1,2,3,1,3,1,2,2,1,3,4,3,5,1,4,1,1,1,1,1,31,87,86
2,4,0,2,4,4,4,4,4,4,4,4,4,4,2,4,4,3,4,3,5,2,5,3,2,5,3,5,4,2,5,5,2,5,5,5,5,5,1,1,1,1,1,1,1,1,1,1,1,1,1,1,1,1,1,1,1,1,1,1,1,1,1,1,1,1,1,1,1,1,1,1,1,1,40,93,36
2,2,1,2,1,4,3,4,1,1,3,2,3,3,1,1,2,1,1,1,5,4,4,4,5,1,3,5,5,2,5,5,4,5,4,5,3,1,2,2,1,4,1,2,3,5,2,1,5,2,3,5,2,4,1,2,1,1,3,2,4,4,1,3,2,4,2,4,3,2,5,3,5,1,25,77,97
1,1,0,2,4,4,3,4,4,3,4,4,4,4,5,3,5,5,3,5,1,4,5,3,5,4,4,4,5,3,4,5,2,3,5,5,5,5,1,1,1,1,1,1,1,1,1,1,1,1,1,1,1,1,1,1,1,1,1,1,1,1,1,1,1,1,1,1,1,1,1,1,1,1,38,98,36
1,1,1,2,3,2,3,1,3,4,4,4,3,2,2,5,2,2,2,4,4,4,3,4,3,4,5,5,4,2,5,5,5,3,5,2,5,3,1,1,1,2,2,1,1,1,1,1,1,2,1,1,1,1,1,1,1,1,1,1,1,1,1,1,1,1,1,1,1,1,1,1,1,1,29,88,39
2,1,1,2,4,4,4,4,3,3,4,1,4,3,1,5,3,5,5,4,3,5,5,5,2,5,5,5,2,2,2,4,1,2,5,1,4,4,1,1,1,1,1,2,1,1,2,2,5,1,1,2,2,1,2,3,1,1,1,1,3,1,4,1,1,1,1,1,1,1,1,1,1,1,34,85,53
1,4,1,2,4,4,4,4,3,2,1,1,1,4,2,1,4,3,2,2,1,1,4,3,3,5,4,2,2,1,1,5,5,2,5,5,5,5,2,1,2,4,5,5,4,2,3,3,2,4,2,4,2,2,2,2,4,2,1,5,1,2,1,1,1,5,2,1,1,2,1,1,3,2,28,73,87
1,2,0,3,3,3,4,4,3,4,4,4,4,2,4,4,2,2,2,3,4,4,2,4,4,4,4,3,3,5,2,5,4,4,5,5,5,4,1,1,1,3,1,1,1,1,1,1,1,1,4,2,1,1,1,1,1,1,1,1,1,1,1,1,1,2,3,2,1,1,2,1,1,1,35,88,47
1,4,1,2,1,2,2,3,3,3,3,3,3,2,5,5,1,3,3,5,4,2,3,1,5,4,5,5,3,5,4,3,5,4,5,1,5,4,1,2,2,3,3,2,1,1,1,1,1,1,1,1,1,4,1,1,5,1,1,2,1,2,1,1,1,2,1,1,2,2,1,1,1,1,25,90,55
1,3,0,3,4,1,1,2,3,4,4,4,4,1,4,4,2,1,2,5,3,2,5,1,1,5,5,4,4,1,2,4,4,2,5,3,5,4,5,1,1,1,5,1,3,1,1,3,2,2,1,1,3,1,3,2,3,5,2,1,2,2,1,2,1,3,1,1,1,1,4,2,1,1,28,78,71
1,2,0,2,4,4,3,4,2,4,4,2,3,4,1,2,2,5,2,4,3,4,4,2,5,5,5,4,1,1,2,3,2,5,5,5,3,3,2,3,1,3,4,5,2,1,1,1,2,1,3,2,4,4,2,3,2,3,3,3,3,1,2,2,5,1,3,3,1,3,1,1,1,1,34,78,83
2,4,1,2,2,2,1,3,4,4,2,1,3,3,4,5,5,5,4,1,2,5,3,4,3,2,3,3,5,4,2,1,4,2,5,4,2,2,1,1,1,1,4,2,3,2,2,1,5,1,2,2,2,2,5,2,3,2,1,1,1,1,4,2,1,1,5,1,2,3,2,1,1,1,25,80,72
1,3,1,2,3,3,2,4,4,2,4,1,2,4,2,4,1,5,2,4,5,4,5,3,5,4,5,5,5,5,4,4,3,1,1,3,3,5,1,1,2,1,1,1,1,3,1,1,1,1,1,2,1,2,1,1,1,2,1,2,3,1,1,1,2,1,1,1,1,2,1,1,1,2,29,88,48
1,2,0,1,1,2,4,4,4,3,3,3,4,4,5,5,3,5,4,5,4,4,4,4,4,5,5,5,4,5,3,5,3,5,5,4,5,5,4,4,1,1,1,1,1,1,1,2,1,1,1,1,1,1,1,1,1,1,1,1,1,1,1,1,1,3,1,1,1,3,1,2,1,1,32,106,48
2,3,0,3,4,4,4,4,4,4,3,4,2,4,5,5,5,5,5,5,5,5,5,5,5,5,5,4,5,5,5,5,5,5,3,2,3,5,1,1,2,1,3,3,3,5,1,1,1,1,2,1,1,3,3,1,1,3,1,1,1,1,1,1,2,1,1,1,1,3,4,1,4,4,37,112,66
1,1,0,2,4,3,4,4,3,3,2,3,3,4,2,3,4,2,4,3,4,1,5,2,3,3,1,3,3,1,5,2,5,1,5,3,1,1,5,5,5,1,5,4,4,4,5,5,3,4,2,1,1,2,5,4,4,5,1,1,4,3,3,3,5,2,5,3,5,3,4,5,4,2,33,67,127
1,2,0,2,4,4,3,4,4,2,4,1,4,4,5,5,5,5,5,5,5,5,4,2,3,5,5,4,5,4,4,3,4,3,5,5,3,5,1,1,1,1,1,1,3,1,1,1,2,2,2,2,1,1,1,1,1,1,1,1,1,1,1,3,2,1,3,3,1,1,1,1,1,1,34,104,49
2,1,0,1,4,3,3,1,3,2,2,4,4,4,3,1,5,5,4,2,5,1,3,4,2,1,1,2,1,4,3,1,2,4,5,5,5,5,1,1,1,3,1,5,4,1,5,2,3,1,2,1,2,4,1,1,2,4,2,3,1,2,1,1,3,1,1,1,2,2,2,3,5,2,30,74,77
1,2,0,3,2,1,4,4,2,3,3,1,1,2,5,4,4,4,5,2,1,2,3,2,5,4,5,5,5,4,4,5,3,3,4,3,2,3,3,2,1,1,1,1,1,1,1,2,1,1,1,1,1,1,1,1,3,1,2,1,1,2,2,1,3,2,2,4,1,3,2,1,2,1,23,87,56
1,3,1,1,3,4,3,2,4,4,3,4,3,1,5,5,5,5,5,5,5,5,5,5,5,5,5,5,5,5,1,4,4,2,3,4,2,5,1,1,1,1,1,1,1,1,1,1,1,1,1,1,1,1,1,1,1,1,1,1,1,1,1,1,1,1,1,1,1,1,1,1,1,1,31,105,36
1,1,0,2,3,2,2,2,4,2,1,2,3,2,3,1,5,2,5,2,2,1,4,1,2,2,5,2,2,1,5,5,1,3,4,4,5,5,3,5,1,1,2,4,3,4,5,3,1,2,2,3,2,5,3,4,5,4,1,2,2,4,4,1,2,4,1,1,3,2,1,1,5,3,23,72,99
1,3,0,3,4,3,3,4,3,3,4,4,4,4,4,2,3,4,1,3,4,4,3,5,1,4,3,5,3,5,5,1,5,3,5,5,5,3,1,2,1,1,2,3,1,2,1,3,4,3,1,5,3,1,1,1,1,1,2,3,2,1,3,1,1,1,2,1,2,1,1,2,1,5,36,86,67
1,1,1,2,4,4,3,4,3,3,4,4,3,4,5,2,3,3,5,2,3,2,3,4,5,4,4,4,4,4,3,5,4,3,5,5,5,5,2,4,4,1,3,1,2,3,1,1,2,2,2,4,5,4,3,2,2,2,2,1,2,1,3,2,2,3,4,1,4,1,1,1,1,1,36,92,80
2,4,1,1,3,4,3,2,4,4,4,4,4,4,5,5,5,5,2,1,5,5,5,5,1,4,5,4,5,3,1,3,3,1,5,4,5,4,1,1,1,4,1,1,2,1,1,1,2,2,2,2,3,1,4,2,1,4,5,1,1,1,2,1,3,1,2,1,1,1,2,1,1,1,36,91,62
1,4,0,1,4,4,4,4,4,4,4,3,3,3,5,4,1,5,2,5,5,5,5,5,5,1,5,3,1,5,4,2,3,5,5,5,3,5,3,1,2,2,1,1,1,2,4,5,1,1,2,1,2,1,1,1,1,1,5,2,1,2,2,1,1,1,1,1,1,1,2,1,2,1,37,94,59
1,1,0,2,2,2,4,2,4,2,3,2,1,2,4,4,5,4,4,3,3,1,4,5,1,3,2,3,3,1,5,1,5,4,5,4,3,5,2,4,4,5,4,1,2,1,5,3,2,3,2,5,2,5,5,5,2,4,1,1,1,2,1,1,1,1,1,2,1,3,2,5,2,1,24,82,92
1,1,0,3,1,4,2,2,2,4,4,4,1,4,1,5,3,2,5,4,1,5,5,5,1,5,4,1,4,4,2,1,4,3,4,3,5,2,2,2,2,4,3,4,2,1,1,5,1,1,3,5,5,4,1,5,3,3,2,4,2,3,2,2,3,1,1,1,1,1,2,1,2,2,28,79,87
1,4,0,3,4,4,3,4,4,3,4,4,4,4,2,5,4,5,4,4,5,4,4,5,3,1,5,5,5,5,4,5,4,2,1,2,1,5,4,5,5,1,3,5,5,4,3,5,4,3,3,5,4,5,2,1,1,2,1,1,4,2,1,2,4,1,2,2,1,1,1,1,1,2,38,90,97
2,3,1,2,2,4,4,2,3,2,4,2,3,4,5,4,2,5,5,2,5,2,2,5,1,3,1,5,5,3,4,5,4,5,5,3,5,5,2,1,1,1,5,1,1,2,1,1,1,4,5,5,3,2,2,1,5,5,1,3,1,1,2,4,3,1,4,5,1,1,3,1,1,1,30,91,82
1,3,0,1,3,2,2,2,3,4,4,4,4,4,5,1,5,3,1,2,5,2,4,5,1,5,5,5,5,3,3,1,5,1,4,1,5,5,5,5,2,1,4,3,3,4,5,1,3,2,4,3,5,3,5,2,5,3,1,1,2,3,1,1,4,4,4,1,4,1,3,1,1,2,32,82,102
1,1,0,3,4,3,4,2,3,3,4,4,3,3,4,1,5,4,5,5,5,4,5,4,3,4,5,4,4,2,3,4,5,5,5,5,4,5,1,1,1,1,1,1,1,1,1,1,1,1,1,2,1,1,1,1,1,1,1,1,1,1,1,1,2,1,2,1,1,1,1,1,1,1,33,100,39
2,3,1,2,4,4,1,3,4,2,4,3,1,2,3,5,5,5,5,5,5,5,4,5,5,2,1,4,5,5,5,5,4,5,4,5,1,2,5,2,2,1,4,3,3,2,5,4,4,5,5,4,1,4,4,4,2,4,3,5,5,4,5,5,5,5,4,5,5,4,2,1,1,4,28,100,131
2,4,1,3,4,4,4,4,4,4,4,4,4,4,2,1,4,4,3,5,2,4,4,5,4,5,4,5,5,3,5,2,5,5,4,5,5,5,2,3,1,1,1,1,1,1,2,1,1,1,1,5,1,2,2,4,2,3,1,4,2,1,2,3,1,3,5,1,4,1,1,2,1,2,40,96,70
2,4,0,1,4,3,4,4,2,3,3,3,3,3,3,1,1,4,5,4,3,4,4,3,4,2,3,1,2,5,4,4,2,5,2,4,5,1,1,1,3,3,3,5,5,5,3,5,5,4,5,2,2,3,4,4,1,3,2,3,1,3,1,4,5,5,5,4,2,2,4,4,4,2,32,76,118
1,2,0,1,2,2,1,3,4,4,3,4,3,3,5,2,5,5,5,3,4,3,5,4,5,5,4,4,5,5,3,2,5,2,5,5,5,5,1,1,1,1,1,1,1,1,1,1,1,1,1,1,1,1,1,1,1,1,1,1,1,1,1,1,1,1,1,1,1,1,1,1,1,1,29,101,36
1,4,1,1,4,4,4,4,4,3,3,3,4,2,5,5,5,5,5,5,5,5,5,5,5,5,4,5,5,5,3,4,4,5,5,5,5,5,1,1,1,1,1,1,1,1,1,1,1,1,1,1,1,1,1,1,1,1,1,1,1,1,1,1,1,1,1,1,1,1,1,1,1,1,35,115,36
1,3,1,2,3,3,2,4,1,2,4,3,3,4,5,3,4,3,5,4,4,2,3,2,2,2,5,3,2,3,2,5,4,3,3,1,1,2,2,2,5,2,5,4,2,5,5,4,1,5,1,3,2,5,5,4,3,4,4,5,5,3,5,5,5,5,5,5,1,5,4,5,4,1,29,73,136
2,1,0,3,2,2,1,1,3,1,1,1,2,1,3,2,4,3,1,2,2,3,1,1,3,1,2,1,3,3,4,1,5,1,3,4,1,3,5,4,5,5,5,5,5,5,5,4,5,5,5,5,5,4,5,5,5,5,4,1,5,5,5,5,4,5,5,5,5,5,1,5,3,5,15,57,165
1,1,0,1,4,2,2,1,3,3,4,2,3,4,1,5,4,3,1,5,2,5,2,5,4,4,4,4,5,3,2,3,4,4,1,4,5,5,2,3,1,5,5,1,1,1,2,1,4,1,2,1,1,1,2,3,1,2,2,2,2,2,4,1,2,4,1,1,1,1,1,2,3,1,28,85,70
1,2,0,1,4,4,1,4,4,4,3,3,2,4,4,2,5,5,5,2,5,3,1,2,5,2,2,1,1,5,1,5,5,2,5,5,5,5,4,1,4,2,3,1,4,4,5,3,3,2,1,2,1,3,4,1,2,1,1,3,1,1,2,1,1,1,4,1,2,1,1,1,1,3,33,83,76
2,1,1,3,4,1,3,2,1,3,1,4,3,3,1,4,4,4,5,1,3,3,2,4,2,5,2,1,5,5,5,3,5,5,3,4,4,5,1,2,3,4,2,1,2,3,2,3,5,1,4,1,4,1,4,5,3,2,5,3,1,2,1,4,4,4,4,4,1,1,2,2,2,4,25,85,97
1,4,1,2,4,4,4,3,3,4,3,3,4,4,5,4,2,3,4,3,4,4,5,5,4,2,5,4,4,4,3,2,3,3,5,5,4,5,1,4,3,1,3,3,3,4,4,2,2,5,5,5,1,5,3,4,1,1,1,3,2,2,1,1,3,2,1,2,1,2,1,2,5,2,36,92,91
2,2,1,1,4,3,3,4,1,4,4,4,3,3,5,5,5,4,5,1,4,5,5,5,5,5,5,5,5,4,5,5,4,5,4,4,5,2,1,1,1,1,1,1,1,1,1,1,1,1,1,1,1,1,1,1,1,1,1,1,1,1,1,1,1,1,1,1,1,1,1,1,1,1,33,107,36
2,1,1,3,4,4,2,3,1,3,1,3,4,3,5,1,3,1,5,5,2,1,5,3,3,3,3,5,3,5,4,5,4,5,1,3,3,5,2,5,3,1,4,1,1,3,1,1,1,2,1,1,2,5,1,1,1,3,2,2,1,1,1,1,2,1,1,1,1,1,1,1,1,1,28,83,59
1,1,0,2,4,2,3,2,2,4,4,3,3,3,5,5,5,4,4,3,3,5,4,1,3,3,3,1,1,3,2,5,4,3,4,3,4,2,3,4,1,1,1,5,5,5,5,5,2,5,4,4,3,1,1,1,2,1,4,4,4,4,3,2,3,3,5,2,2,1,1,4,1,1,30,80,103
1,1,1,1,3,4,2,3,1,3,1,2,1,2,5,2,4,1,3,4,4,5,4,5,1,2,2,3,5,4,5,5,2,1,3,4,4,2,4,3,2,4,2,2,5,5,2,2,2,5,2,5,3,5,2,4,5,1,5,5,5,5,5,5,3,5,5,1,3,4,4,4,3,1,22,80,128
2,4,1,3,2,2,4,2,2,3,3,3,1,2,1,1,1,1,1,5,4,5,4,1,2,5,5,1,5,3,5,4,5,3,5,4,4,2,4,1,2,1,2,3,2,2,1,5,3,2,5,2,3,3,4,1,2,3,5,5,1,5,1,1,2,3,2,1,3,3,5,2,3,1,24,77,94
2,4,0,3,4,1,1,1,3,3,4,4,1,4,3,4,4,2,5,4,4,3,1,5,3,4,4,3,1,4,5,1,3,4,3,2,5,3,1,4,1,2,4,1,5,1,1,1,1,5,5,1,1,1,2,3,1,1,1,1,3,3,2,1,1,1,1,1,1,2,4,1,2,1,26,80,68
1,3,1,1,2,4,1,1,1,2,2,3,3,4,5,1,1,2,1,4,3,5,1,1,1,1,1,5,3,5,4,5,5,5,1,1,1,1,5,5,5,5,5,5,5,4,5,5,5,5,5,5,5,5,5,5,5,5,5,5,5,5,5,5,5,5,5,5,5,5,5,5,5,5,23,63,179
2,1,1,1,3,3,3,1,1,2,1,1,4,3,1,5,1,2,3,5,4,5,5,2,3,4,2,4,5,2,1,1,3,4,3,5,2,2,5,5,5,5,5,5,3,4,4,2,5,4,5,2,1,4,4,5,4,3,3,2,4,2,4,5,4,5,4,5,4,2,5,5,5,2,22,74,141
1,2,1,3,4,4,2,4,4,4,4,4,2,1,5,5,5,5,5,5,2,5,2,5,3,2,4,5,4,4,5,4,2,5,4,3,1,5,1,1,1,1,1,1,1,1,1,1,1,1,1,1,1,1,1,1,1,1,1,1,1,1,1,1,1,1,1,1,1,1,1,1,1,1,33,95,36
2,3,0,2,3,2,3,4,4,4,4,3,3,4,5,4,2,3,5,5,5,4,3,3,4,4,4,5,5,1,4,5,1,3,5,3,5,4,2,1,1,5,5,1,5,1,1,1,3,1,1,3,1,1,2,2,2,5,4,1,2,4,4,1,2,1,1,1,5,1,3,2,2,2,34,92,80
1,1,1,2,4,2,3,1,2,3,1,2,3,3,3,2,2,3,3,5,2,2,1,5,5,4,2,5,4,3,3,4,4,1,3,5,4,4,1,2,3,2,4,1,3,2,4,5,1,2,1,3,3,1,1,2,1,1,1,3,1,1,2,5,1,3,3,3,3,2,1,3,3,4,24,79,82
2,3,1,1,4,3,4,3,4,4,4,4,4,4,5,5,5,5,5,4,5,4,4,1,5,5,4,3,1,5,4,4,5,5,4,3,5,4,1,1,1,1,1,1,1,1,1,1,1,1,1,1,1,1,1,1,1,1,1,1,1,1,1,1,1,1,1,1,1,1,1,1,1,1,38,100,36
1,2,0,1,3,1,4,1,1,2,2,4,1,1,1,1,3,3,1,4,1,5,2,3,5,4,4,5,5,3,3,4,1,4,4,2,3,2,5,1,5,4,5,5,1,1,1,4,5,1,4,4,3,4,2,4,1,5,5,5,3,4,3,4,2,2,5,3,2,2,3,4,3,4,20,73,119
2,4,0,2,2,1,2,2,1,4,1,4,4,1,5,1,5,3,4,1,3,3,1,5,3,5,1,3,1,5,5,5,5,5,5,4,5,2,3,3,1,1,2,1,5,4,3,3,1,2,2,2,2,1,1,1,4,1,1,2,4,4,1,1,1,1,4,3,1,1,1,1,1,1,22,85,71
1,2,0,3,2,3,4,3,2,1,1,4,4,4,2,4,3,2,1,3,5,4,4,5,5,5,5,5,5,5,5,5,5,5,3,2,3,1,4,3,1,5,4,3,4,3,4,3,5,3,1,3,5,4,1,2,3,5,5,4,3,5,1,4,3,1,4,1,4,2,4,1,4,2,28,92,114
2,3,0,3,4,3,3,2,3,2,3,3,2,2,4,5,3,2,4,2,2,2,1,3,3,3,4,2,2,1,4,2,1,1,3,1,5,1,5,3,3,1,2,5,3,3,3,2,5,5,5,5,5,3,3,2,5,5,4,2,4,3,4,3,1,1,1,4,5,1,5,4,2,3,27,61,120
2,1,1,2,4,4,4,4,4,1,3,4,4,4,5,5,5,4,2,5,2,4,4,1,4,4,5,1,4,3,2,3,4,5,1,2,1,5,4,1,1,1,3,2,1,2,3,2,1,1,1,1,1,1,2,1,1,1,2,1,1,1,2,1,2,4,4,1,1,1,1,1,2,1,36,81,57
2,3,0,1,4,2,4,3,4,4,1,4,4,4,4,5,5,3,5,5,3,5,1,3,2,2,2,5,1,1,1,5,2,1,2,3,3,3,1,4,3,2,4,3,5,5,1,2,2,4,1,2,3,2,3,1,3,1,4,4,4,5,4,5,5,5,5,5,2,5,2,3,3,5,34,72,118
2,2,1,3,3,3,3,4,4,2,3,4,4,3,5,4,5,5,4,5,4,3,2,3,4,4,5,5,3,4,2,5,5,5,4,3,3,3,1,4,3,1,1,2,2,1,2,1,2,4,4,4,2,2,1,3,4,1,4,3,3,3,5,3,1,3,1,2,1,1,2,1,1,2,33,95,81
1,1,1,3,4,4,4,3,4,1,4,1,4,4,4,1,1,1,2,5,5,4,1,1,3,5,1,2,2,3,2,1,1,5,5,5,5,5,2,1,4,2,1,2,1,1,1,1,2,1,1,1,1,1,2,2,2,4,2,3,1,2,1,1,1,1,1,1,1,5,2,1,2,1,33,70,59
2,4,0,2,3,1,4,3,3,4,1,1,4,1,2,3,1,4,3,4,4,5,5,5,3,4,3,3,1,4,3,1,5,2,3,4,5,1,5,4,1,1,1,1,3,4,5,4,1,2,3,3,1,1,1,1,3,2,2,1,1,1,3,3,2,2,5,1,2,2,1,4,2,4,25,78,83
1,1,1,2,4,4,2,4,3,3,4,3,4,4,4,5,3,5,5,5,4,2,4,1,5,5,5,5,5,4,2,4,5,5,5,4,4,4,1,1,1,1,1,1,1,1,1,1,1,1,1,1,1,1,1,1,1,1,1,1,1,1,1,1,1,1,1,1,1,1,1,1,1,1,35,100,36
1,2,1,2,1,1,4,4,2,4,4,4,3,4,5,1,4,2,1,1,4,5,3,5,5,3,4,1,3,3,5,3,4,3,5,5,3,5,1,1,2,1,1,1,2,1,2,2,1,3,1,1,2,2,1,5,3,1,1,1,1,1,1,1,1,1,1,1,1,1,1,2,2,3,31,83,54
1,4,1,2,4,3,4,3,4,4,4,2,4,4,5,5,5,5,4,4,2,1,2,4,2,3,3,2,4,4,2,3,2,2,5,5,5,4,1,1,1,1,1,4,3,4,2,2,4,3,1,4,1,4,5,3,2,1,2,2,1,1,5,1,2,4,1,2,3,1,4,5,2,3,36,83,87
1,4,1,2,2,4,1,4,4,3,4,2,2,1,5,5,5,5,5,5,4,3,1,1,5,4,4,5,2,4,3,4,5,3,5,5,2,4,4,2,1,1,1,2,3,1,3,4,2,1,1,2,2,1,5,1,1,2,1,2,1,1,2,1,3,1,1,2,2,1,1,3,1,1,27,94,64
1,4,1,1,4,4,3,2,2,1,3,3,1,1,5,1,1,3,5,3,2,2,2,5,1,3,1,5,4,5,5,2,3,2,3,4,2,4,2,4,1,1,4,3,1,5,5,5,1,4,5,5,4,5,5,4,1,2,2,3,3,1,4,1,5,3,2,1,2,1,5,3,5,3,24,73,111
1,3,0,3,4,4,4,4,4,4,4,4,4,4,4,5,5,4,2,4,5,4,3,2,5,4,5,4,5,4,5,4,5,5,5,5,4,4,1,1,1,1,1,1,1,1,1,1,1,1,1,1,1,1,1,1,1,1,1,1,1,1,1,1,1,1,1,1,1,1,1,1,1,1,40,102,36
2,4,1,3,4,1,3,1,4,3,4,3,4,4,5,3,5,5,5,5,5,5,5,5,5,5,5,3,2,5,5,4,5,5,5,5,5,5,1,2,1,2,2,1,1,1,1,2,5,1,1,5,3,1,2,4,1,5,4,3,3,1,1,2,3,5,2,4,2,2,1,5,2,2,31,112,84
1,3,0,1,4,3,4,3,4,4,3,1,2,2,5,5,5,5,5,2,4,4,2,2,4,1,5,3,1,5,5,5,5,5,3,5,2,5,1,1,1,1,2,1,2,1,1,1,1,1,1,1,1,2,1,1,3,1,1,1,1,1,1,2,2,1,1,1,1,1,1,1,1,1,30,93,43
2,1,1,3,3,4,4,1,2,4,4,2,1,3,2,5,3,3,1,1,3,5,5,3,1,5,3,2,3,5,4,4,4,2,4,5,3,3,3,2,2,1,4,2,2,1,2,4,2,1,2,2,4,1,2,2,5,2,3,1,1,2,4,1,2,1,1,4,1,2,2,1,2,1,28,79,75
2,1,1,3,2,4,4,4,3,3,3,4,4,4,4,3,5,5,5,4,2,4,4,3,5,3,4,5,5,5,5,5,5,4,5,4,3,5,1,1,1,1,1,1,1,1,1,1,1,1,1,1,1,1,1,1,2,1,1,4,1,1,1,2,1,1,3,2,2,3,1,1,1,1,35,102,47
1,2,0,1,1,3,3,2,1,1,3,1,4,4,2,5,5,2,2,5,3,3,4,5,4,3,3,3,3,5,2,5,5,3,5,3,3,5,4,2,5,5,5,1,4,2,2,3,3,2,2,1,3,5,2,3,3,4,4,5,2,1,1,1,2,2,1,1,1,1,1,3,2,2,23,88,91
2,3,0,2,3,4,1,2,4,4,4,2,3,3,2,3,1,2,1,4,1,1,3,3,4,2,5,4,1,3,2,4,3,4,5,5,4,3,5,4,5,5,2,4,3,3,4,4,2,5,4,2,4,4,2,5,2,4,3,2,3,1,3,2,4,2,4,2,1,1,3,2,2,2,30,70,110
2,1,0,2,1,4,4,3,4,1,3,1,4,2,5,2,4,4,4,4,5,5,2,2,5,4,5,5,5,2,1,4,4,5,4,3,5,4,4,3,5,4,5,2,3,2,1,3,4,5,4,3,5,1,1,5,2,3,2,3,2,4,1,1,2,4,1,2,3,1,1,1,1,1,27,93,95
2,1,0,3,4,1,4,1,3,4,3,4,4,3,2,1,1,1,4,5,4,2,5,4,5,1,5,3,4,4,1,3,4,3,5,4,5,5,1,1,1,1,1,1,2,2,1,1,5,1,1,1,1,1,1,1,1,2,4,1,4,2,1,1,1,1,1,1,1,1,1,1,1,1,31,81,50
2,2,0,3,4,1,3,1,2,4,3,2,1,4,5,5,2,4,5,1,1,1,1,2,3,5,4,5,1,2,4,1,4,2,5,1,5,3,5,5,4,5,5,5,5,2,2,5,3,1,1,2,3,1,1,1,2,1,1,4,1,2,2,3,5,3,2,2,1,1,1,2,4,1,25,72,94
2,1,0,2,3,4,1,3,4,3,2,2,4,3,5,5,2,2,3,5,4,5,5,5,5,4,4,3,5,4,1,1,3,3,3,2,4,5,3,1,1,1,1,1,1,5,4,2,2,3,3,4,2,4,2,2,2,2,2,1,1,1,1,5,5,2,2,1,4,2,1,1,1,1,29,88,77
2,2,1,1,1,3,4,3,3,4,3,1,4,4,5,5,4,5,5,5,3,4,4,2,4,5,2,3,4,3,1,3,2,4,5,2,5,1,2,3,1,1,1,4,4,1,2,3,2,2,2,2,1,2,1,1,3,2,2,1,3,3,2,3,5,3,5,3,3,3,1,1,1,1,30,86,80
2,4,0,1,1,4,2,4,4,4,2,4,3,3,4,1,4,3,2,4,2,2,1,5,1,3,3,3,3,3,1,5,5,4,3,5,5,3,3,2,1,1,3,1,1,2,1,2,1,3,1,3,2,1,1,1,1,2,2,1,1,1,1,1,2,3,1,3,1,1,2,2,1,3,31,75,59
2,3,1,2,4,1,2,1,1,2,2,2,4,2,1,1,4,1,3,2,5,1,1,1,2,1,1,5,5,5,1,1,1,1,2,2,1,1,1,5,4,1,2,5,5,5,5,4,5,5,4,5,5,3,3,3,5,4,4,5,5,3,5,5,4,5,4,5,2,5,4,2,5,1,21,49,143
2,2,1,3,3,3,2,4,2,4,2,2,4,1,4,4,5,5,4,3,4,3,5,1,4,5,4,5,5,3,3,5,5,1,3,4,2,1,3,1,3,2,1,2,1,1,1,1,4,1,1,4,1,1,3,2,1,1,5,5,1,1,3,3,2,2,1,2,1,1,1,2,2,1,27,88,68
2,1,1,1,2,1,4,2,4,1,2,4,3,1,1,2,2,3,3,3,3,1,2,1,4,5,3,5,5,2,1,3,3,4,3,2,5,5,5,2,4,4,5,1,1,3,3,3,4,4,2,3,2,5,1,4,5,2,5,1,2,3,5,3,1,4,3,1,2,2,3,1,1,2,24,71,102
1,2,0,3,3,4,4,1,4,3,4,2,3,2,2,3,1,5,2,3,5,5,5,5,1,3,1,2,2,5,4,5,5,5,3,4,5,2,2,5,2,5,2,5,5,4,5,3,4,4,3,1,2,4,2,5,5,5,5,1,2,5,1,3,3,5,5,5,2,1,2,1,1,1,30,83,116
2,1,0,3,3,2,3,4,3,4,4,4,4,1,5,2,2,5,5,5,2,1,3,1,5,2,3,5,3,5,5,5,1,4,2,4,4,2,1,2,2,2,2,2,1,2,2,5,4,3,2,5,2,1,4,2,2,2,3,1,5,4,1,1,4,2,2,5,1,2,1,2,3,1,32,81,86
2,2,0,3,3,4,3,4,1,4,2,4,4,2,2,5,5,5,4,5,5,5,5,5,4,5,5,5,4,5,4,5,5,5,1,5,4,3,1,2,1,5,3,3,2,3,1,2,1,1,2,1,3,4,2,2,1,4,5,5,5,1,3,1,2,2,2,2,1,1,1,1,2,2,31,106,80
2,3,1,3,4,3,1,3,2,3,3,1,4,1,5,3,5,5,5,5,5,5,5,5,5,3,5,5,5,5,5,5,2,5,5,5,5,5,1,1,1,1,1,1,1,1,1,1,1,1,1,1,1,1,1,1,1,1,1,1,1,1,1,1,1,1,1,1,1,1,1,1,1,1,25,113,36
1,3,1,2,4,4,4,4,4,3,4,4,4,4,4,5,3,5,3,4,1,5,4,3,1,1,5,5,2,4,4,3,2,4,5,5,5,5,3,1,4,3,2,1,4,2,1,5,1,2,1,3,3,1,5,1,3,3,1,1,5,3,3,1,1,3,3,2,1,3,5,1,1,1,39,88,84
1,4,0,1,4,3,2,3,4,4,4,1,2,3,4,2,4,5,4,5,5,4,1,1,2,2,5,5,4,5,2,3,2,2,5,1,4,5,3,5,5,3,5,4,5,2,3,3,3,4,3,3,1,1,5,5,3,2,3,4,4,1,1,4,3,1,4,1,1,1,1,1,1,3,30,82,102
1,4,1,2,4,3,1,4,2,3,1,3,3,2,1,1,3,1,2,4,1,2,4,1,5,2,1,4,5,5,5,5,3,3,3,4,1,2,5,4,1,5,2,2,5,2,5,1,2,3,4,5,4,4,2,4,2,3,3,3,2,3,4,1,2,1,1,2,1,1,5,2,1,4,26,68,101
2,4,1,3,4,4,3,1,4,4,2,2,3,2,5,1,5,3,5,1,1,1,3,1,5,5,5,2,2,2,3,5,5,4,5,3,5,5,3,5,2,2,5,5,1,4,5,4,3,5,3,5,5,5,5,5,2,2,5,4,4,4,3,2,4,3,3,1,2,3,1,2,1,1,29,82,119
1,2,1,1,4,4,1,4,4,4,3,4,4,1,5,1,5,4,2,2,4,5,1,3,4,5,5,5,5,2,4,4,5,4,5,5,5,2,1,1,1,1,1,3,2,5,1,4,3,1,5,5,3,1,3,1,3,1,2,3,3,5,2,3,1,1,1,4,3,2,1,5,2,2,33,92,86
2,4,1,1,1,3,2,3,4,3,2,3,2,2,3,4,5,5,1,3,3,1,1,5,5,3,4,4,4,2,4,5,3,2,2,2,2,5,1,1,1,3,4,2,1,4,1,1,2,3,3,5,3,4,2,5,3,4,2,4,2,4,2,2,1,1,3,1,4,1,1,5,2,2,25,78,90
1,2,1,3,3,1,3,1,4,2,3,3,3,3,3,5,4,2,5,2,4,5,4,3,1,5,2,2,4,5,3,5,5,4,2,3,5,5,5,2,4,2,4,4,1,3,1,5,3,1,3,3,2,2,4,5,3,1,5,2,3,2,3,5,1,4,4,1,4,1,1,4,2,1,26,88,101
1,4,0,2,3,4,2,3,4,4,4,4,4,4,4,4,5,5,4,5,5,5,5,5,2,5,5,1,2,5,4,5,5,5,5,5,5,5,1,2,1,2,1,1,2,2,1,1,1,1,2,1,1,1,1,1,2,1,3,1,2,1,1,1,1,1,1,1,1,2,1,3,1,4,36,106,51
1,3,1,1,1,1,1,1,3,3,3,2,2,2,4,5,4,5,5,2,1,5,5,5,2,1,2,3,1,4,2,5,4,2,2,1,5,5,3,4,5,3,5,2,3,2,3,3,4,1,5,5,5,5,1,5,5,1,5,5,5,3,4,1,3,3,4,2,4,1,2,1,2,1,19,80,116
2,2,1,3,1,4,4,1,4,3,1,4,2,2,4,3,2,3,3,4,1,4,2,2,4,5,1,2,5,4,5,3,4,5,5,5,3,3,5,1,1,3,1,2,5,1,5,4,1,2,1,1,5,1,1,1,1,3,2,1,3,1,1,2,1,2,2,2,4,4,5,1,5,5,26,82,86
1,3,0,2,2,4,3,4,1,2,4,4,1,4,1,3,2,5,5,3,5,1,2,3,5,5,5,4,5,4,1,3,5,5,4,5,5,5,3,3,2,1,5,1,4,2,4,3,1,2,1,3,1,5,1,1,3,5,2,1,2,1,3,3,1,3,3,2,2,2,4,1,2,1,29,91,84
1,4,1,1,2,2,1,1,3,3,4,3,2,4,5,5,4,3,4,5,3,4,4,5,2,4,4,5,1,5,4,5,5,5,5,5,5,5,2,5,1,1,4,4,3,2,1,4,3,2,5,3,4,2,2,5,4,2,2,1,3,1,2,4,2,4,5,1,3,1,1,3,1,5,25,102,98
2,1,0,1,3,4,4,4,4,3,4,1,3,2,5,4,4,5,4,4,5,3,5,3,4,5,3,5,3,3,2,1,1,5,5,3,5,5,1,2,1,1,2,1,1,1,1,1,1,1,3,2,1,1,3,1,1,1,1,4,1,1,1,1,1,1,3,1,1,1,1,1,2,3,32,92,51
2,2,0,1,3,1,3,4,2,1,2,1,3,2,2,3,1,2,1,5,5,4,4,3,4,3,3,2,4,1,1,1,2,1,5,4,5,5,2,4,2,3,5,3,5,4,5,5,2,5,5,4,4,2,3,5,4,1,3,3,5,1,4,1,3,1,2,3,2,2,2,1,3,2,22,71,111
1,1,0,2,4,4,4,4,4,4,4,4,4,4,4,1,2,5,5,1,5,4,5,5,5,4,3,3,3,5,5,5,5,5,5,5,5,5,1,5,2,2,1,2,1,3,4,3,1,1,2,1,1,1,2,5,2,4,1,1,1,3,1,1,3,1,2,1,1,4,3,1,1,1,40,100,70
2,4,1,2,4,2,3,4,3,4,4,4,4,4,5,5,5,5,5,5,5,5,5,2,5,5,5,5,3,2,5,5,1,3,5,5,5,5,3,1,1,2,1,1,1,1,1,1,1,1,2,5,3,2,1,1,1,1,1,1,4,1,1,1,1,1,1,1,1,2,4,2,1,1,36,106,55
2,4,0,1,4,4,3,4,4,3,4,4,4,4,1,4,2,4,5,5,5,5,4,5,5,5,1,5,4,5,3,5,5,3,5,5,4,5,2,1,1,2,2,1,5,1,1,3,1,1,1,1,1,1,1,2,1,1,1,1,2,2,2,2,1,2,1,1,2,1,1,2,1,1,38,100,53
2,4,0,1,2,4,4,3,4,4,3,4,4,4,5,5,5,5,4,4,5,5,4,5,5,5,4,5,5,5,5,5,5,4,3,5,5,5,1,1,2,1,1,1,4,1,3,1,2,1,2,1,3,2,2,1,1,1,1,1,1,2,1,2,4,4,2,1,1,4,4,2,3,1,36,113,66
2,2,0,3,4,4,2,4,1,4,3,3,4,4,4,3,2,2,5,5,5,5,5,5,1,5,2,2,4,1,5,1,2,4,5,2,3,2,5,5,5,4,5,5,5,3,1,1,2,5,4,1,3,3,1,4,4,2,4,1,3,3,5,2,3,2,3,1,3,5,2,4,2,2,33,80,113
2,4,1,3,3,3,4,2,4,2,2,1,3,1,5,1,3,4,1,4,5,2,4,1,4,5,5,3,2,1,2,5,5,4,3,5,2,3,2,1,3,1,1,2,3,5,3,1,3,3,3,4,2,3,5,3,2,2,4,5,3,5,4,1,1,1,1,1,1,2,5,4,2,4,25,79,96
2,4,1,1,4,4,3,4,4,4,4,4,4,4,2,5,4,4,3,5,5,5,5,5,5,5,4,5,4,5,5,5,2,5,2,5,5,5,1,1,1,2,1,4,2,5,3,1,4,4,1,1,1,1,2,1,1,1,2,1,2,5,1,1,2,2,1,1,1,2,1,1,2,2,39,105,65
1,4,1,1,4,4,2,4,3,4,2,2,4,4,2,5,2,2,2,1,1,3,3,2,5,5,5,5,5,4,5,3,5,4,5,5,5,5,2,5,2,3,4,5,5,5,5,5,2,1,4,5,4,4,5,3,4,1,1,4,5,4,5,5,5,4,5,5,2,1,2,5,3,2,33,89,132
2,2,1,2,2,2,2,3,4,4,1,3,3,1,1,1,3,2,1,4,4,3,3,5,2,2,3,4,3,3,4,4,5,4,2,3,2,5,4,1,4,5,5,5,5,5,3,4,5,5,5,5,5,5,1,1,3,1,5,5,1,4,1,1,1,4,2,2,3,5,5,3,4,5,25,73,128
1,2,0,3,2,3,3,1,4,3,2,1,3,3,5,1,1,2,3,1,4,1,1,3,5,5,5,4,4,1,4,5,4,3,5,5,5,5,1,1,3,2,5,1,1,1,2,2,1,1,1,1,1,1,1,2,1,1,1,2,2,2,5,5,3,1,4,1,1,1,1,1,1,1,25,82,62
2,1,0,3,4,4,3,4,4,1,4,2,2,4,5,5,3,5,2,5,1,2,4,3,2,5,5,2,4,1,1,5,3,1,4,5,3,5,2,1,2,5,2,1,1,2,1,1,2,1,1,1,2,3,2,1,1,1,1,1,4,1,1,2,1,1,1,3,4,2,1,1,3,1,32,81,61
2,4,0,3,4,3,4,3,2,4,3,4,3,4,4,4,3,1,3,5,5,5,5,5,5,5,4,4,4,5,4,5,3,5,5,4,5,5,2,3,5,5,4,3,3,3,3,2,1,1,3,2,2,3,3,3,4,1,5,1,3,3,1,2,3,5,3,3,1,2,2,3,3,1,34,103,97
1,3,0,2,2,4,3,4,4,4,2,4,3,2,3,2,4,5,5,3,5,5,1,5,4,1,5,3,5,1,1,2,3,4,4,5,5,3,2,4,2,3,2,2,4,5,3,3,2,1,3,1,3,5,1,3,3,2,1,1,3,3,2,3,4,5,4,1,1,1,3,1,3,4,32,84,94
1,3,1,2,1,3,3,3,4,2,3,4,4,3,4,4,5,5,4,3,4,3,5,3,2,4,4,2,4,3,5,5,4,2,4,4,2,1,1,1,1,2,1,1,2,1,1,1,2,2,1,2,1,1,2,3,1,1,1,1,1,1,1,1,1,1,1,1,1,1,2,1,1,1,30,86,45
2,1,0,1,2,4,3,3,4,2,3,2,1,3,2,1,5,3,1,2,5,1,5,2,5,5,5,5,5,3,4,4,3,5,4,3,2,1,4,4,5,2,2,4,5,5,4,5,1,1,2,1,1,3,3,5,1,4,4,3,2,5,2,3,4,4,5,5,3,1,3,2,2,3,27,81,113
1,3,1,3,4,4,2,4,4,4,4,2,2,3,5,2,4,5,5,4,1,1,5,1,3,4,5,5,5,5,3,5,5,2,4,3,3,5,1,1,1,1,1,1,1,1,1,1,1,1,1,1,1,1,1,1,1,2,1,1,1,1,1,1,1,1,1,1,1,1,1,1,1,1,33,90,37
2,1,1,3,2,2,1,4,3,2,3,1,1,3,2,3,4,4,4,5,5,5,5,5,2,2,3,3,5,2,2,5,5,5,2,3,2,2,3,5,3,1,1,1,1,2,3,5,3,4,4,1,4,1,2,1,1,1,1,3,3,1,2,3,3,1,1,1,1,1,1,1,1,1,22,85,72
1,4,1,1,1,4,4,4,4,3,2,3,2,2,5,3,3,3,5,3,1,4,4,2,3,1,1,3,2,5,4,2,3,2,5,4,5,4,1,1,4,2,5,5,5,4,2,1,4,2,1,2,4,1,1,1,3,2,1,5,5,4,1,1,1,2,3,3,5,4,5,1,2,2,29,77,96
1,1,0,3,2,2,3,4,4,2,1,3,1,3,5,1,3,3,3,5,1,4,3,2,5,5,3,5,5,5,5,5,4,5,3,5,2,5,2,3,3,2,4,1,3,5,2,1,5,5,2,4,5,5,5,5,5,5,5,3,4,4,3,2,3,2,1,1,2,3,1,4,4,1,25,92,115
2,4,0,3,2,1,2,1,2,2,1,1,2,2,5,4,5,5,5,5,1,1,2,3,3,4,2,2,1,3,5,3,5,5,4,5,5,3,1,1,1,1,1,1,1,1,1,1,2,2,1,1,1,1,1,1,1,1,1,1,1,1,1,1,1,2,1,1,1,1,1,1,1,1,16,86,39
1,3,1,3,2,2,4,3,4,2,3,4,3,4,2,1,3,4,3,5,3,1,2,5,5,1,5,4,5,4,4,2,5,4,1,2,3,4,1,1,1,1,1,1,1,1,1,1,1,1,1,1,1,1,1,1,1,1,1,1,1,1,1,1,1,1,1,1,1,1,1,1,1,1,31,78,36
1,1,1,3,4,4,1,1,4,4,4,1,4,3,3,5,5,5,5,5,1,3,1,1,4,4,5,3,4,2,4,5,5,1,4,5,4,5,1,1,2,1,2,1,5,2,1,5,1,2,2,2,1,2,3,5,3,1,3,2,4,2,2,5,2,4,2,2,1,4,2,1,3,2,30,89,84
2,1,1,3,4,4,4,4,4,4,4,4,4,4,5,3,2,4,2,5,5,5,5,5,5,5,3,3,5,3,1,4,4,4,5,5,5,5,1,1,1,1,1,1,2,3,1,2,1,1,2,4,1,1,1,3,2,1,2,3,2,4,4,2,2,3,1,2,1,2,2,2,1,1,40,98,65
2,1,0,2,3,2,4,4,2,2,1,1,2,4,5,3,5,5,3,5,2,1,2,1,5,1,5,5,2,1,2,5,1,5,5,3,4,4,3,1,2,1,1,3,3,1,1,1,1,2,2,2,2,1,4,1,1,2,1,1,4,1,3,3,2,2,3,1,1,3,1,3,4,1,25,80,69
1,2,0,1,4,4,2,4,2,1,4,3,4,3,4,2,3,4,4,1,3,5,4,2,4,5,5,5,4,2,2,5,4,3,3,3,1,2,2,1,2,2,1,1,2,4,2,4,3,1,2,2,3,3,1,2,2,2,5,1,5,2,5,3,4,3,3,1,3,5,2,1,2,5,31,80,92
1,1,0,1,4,4,4,3,1,4,4,4,1,4,1,5,2,1,2,2,5,5,3,3,5,5,4,2,5,5,5,5,5,4,3,4,4,5,4,1,5,1,3,1,1,1,1,2,2,2,1,3,2,4,4,5,1,4,1,4,1,1,1,1,2,1,1,1,1,1,1,1,1,1,33,90,68
2,1,0,1,3,4,4,4,4,3,3,4,4,4,4,2,5,5,5,5,4,5,4,5,4,4,5,5,5,3,5,5,4,5,5,5,5,4,1,1,1,1,1,1,1,1,1,1,1,1,1,1,1,1,1,1,1,1,1,1,1,1,1,1,1,1,1,1,1,1,1,1,1,1,37,108,36
2,1,1,2,4,4,4,4,4,4,4,4,4,4,3,1,2,2,2,3,4,5,5,3,1,5,3,4,3,5,3,3,5,4,5,5,4,4,1,2,1,1,1,1,1,1,1,1,1,1,1,1,1,2,1,1,1,1,1,1,2,1,1,1,1,1,1,1,1,1,1,1,1,1,40,84,39
1,3,0,2,4,4,4,4,2,1,4,4,3,4,5,5,5,5,5,3,4,3,5,4,1,3,1,5,3,4,5,4,5,2,2,1,5,4,1,2,3,1,1,2,1,5,2,2,2,2,2,1,2,3,1,2,5,1,4,1,1,3,3,3,4,5,5,5,1,1,1,1,3,3,34,89,85
1,1,1,2,4,4,3,4,2,4,2,3,3,4,2,5,2,3,1,3,4,2,2,4,5,5,5,5,5,4,5,4,4,4,5,5,5,3,2,1,1,5,1,1,1,5,5,4,2,3,1,5,1,2,2,1,5,4,4,5,4,2,5,3,1,5,2,1,1,2,3,4,1,1,33,92,96
1,2,1,3,1,3,3,2,1,3,4,1,4,3,2,1,1,2,5,2,5,1,2,1,2,1,1,1,1,2,1,3,1,3,4,2,1,2,5,5,3,5,2,4,2,4,5,2,5,5,1,4,1,2,2,2,3,2,4,2,1,4,3,4,2,2,4,2,5,5,5,5,2,2,25,47,116
2,1,0,1,2,4,4,3,4,4,4,3,4,1,3,4,1,5,4,4,5,2,3,3,2,2,3,3,4,3,2,2,4,4,5,5,4,4,2,2,2,2,1,1,1,2,1,1,5,1,3,1,3,1,1,1,4,1,2,2,3,5,2,1,1,1,1,1,1,1,2,3,1,3,33,81,66
1,1,1,3,3,4,4,4,3,4,4,1,3,4,5,2,5,1,3,3,1,3,2,2,5,5,3,2,4,3,5,5,5,4,4,5,4,5,2,1,1,2,1,1,1,1,1,1,1,1,1,1,1,1,1,3,1,1,1,1,1,1,1,1,1,1,1,1,1,1,1,1,1,1,34,86,40
1,1,0,2,1,2,2,2,3,3,4,2,1,3,2,2,5,2,1,1,5,3,5,5,5,3,4,3,5,2,5,5,5,5,3,1,5,5,4,1,1,3,2,3,2,1,2,2,5,5,4,4,3,2,2,1,1,5,3,4,1,1,1,5,3,3,2,3,1,2,1,1,4,1,23,87,89
1,4,1,1,3,4,4,4,2,2,4,2,4,4,5,4,5,5,4,4,4,3,1,1,2,5,3,1,1,1,2,5,1,3,4,5,1,2,3,1,4,1,2,4,3,5,2,2,2,2,2,1,2,5,5,4,4,4,1,2,3,2,2,4,5,5,4,4,4,4,5,2,5,5,33,72,115
2,3,0,2,4,4,1,4,3,2,1,3,4,2,5,5,5,4,3,3,1,3,2,4,2,1,2,4,4,1,2,3,5,1,4,1,2,5,1,4,1,3,3,1,1,1,1,2,5,4,5,3,1,1,5,2,3,1,1,5,2,4,2,3,5,3,1,5,3,1,3,3,4,2,28,72,95
1,1,0,1,4,3,3,4,4,3,3,4,4,4,5,5,5,5,5,5,5,5,5,5,5,1,3,5,4,4,5,3,5,5,5,5,5,5,1,3,1,1,1,1,2,1,1,1,1,1,1,1,1,1,1,1,1,1,1,1,1,1,1,1,1,1,1,1,1,2,1,1,1,1,36,110,40
2,3,0,3,3,4,1,3,3,2,2,1,3,2,4,4,4,4,5,5,5,5,5,5,5,4,1,5,1,3,4,2,5,3,5,5,3,5,1,2,1,1,2,1,2,2,1,1,1,3,1,3,1,4,1,3,2,5,1,3,1,1,1,2,1,1,5,1,1,1,1,2,1,1,24,97,62
2,3,0,3,3,4,2,4,4,1,4,1,4,3,3,5,4,4,5,1,4,5,2,3,3,5,5,4,1,2,3,5,3,4,1,2,4,3,2,1,2,2,4,3,2,4,2,2,4,5,5,5,3,2,3,1,2,2,1,1,1,1,4,2,2,1,5,1,4,1,2,2,2,1,30,81,87
2,1,1,3,4,3,4,3,3,4,1,1,4,1,5,5,5,5,5,5,5,5,5,5,5,5,5,5,5,5,5,5,5,5,5,5,5,5,1,1,1,3,1,1,3,2,1,1,1,1,1,2,1,4,1,3,1,2,1,1,1,1,2,3,3,1,4,2,1,2,2,1,1,2,28,120,60
2,1,0,2,2,4,2,2,3,3,1,4,3,3,1,3,4,4,3,2,4,5,1,3,3,4,5,5,1,5,2,5,1,4,1,2,2,3,3,4,4,5,2,4,1,4,3,4,1,2,1,5,2,1,1,1,3,1,1,3,4,1,2,1,1,5,1,3,4,2,1,3,3,2,27,73,89
2,2,0,3,4,4,4,2,4,3,2,4,2,4,5,5,5,5,5,5,2,2,1,3,1,5,4,4,5,1,5,5,2,1,5,5,5,5,4,1,1,1,4,1,3,1,5,3,2,2,2,2,1,3,1,1,1,1,3,4,4,2,2,1,5,2,2,1,1,1,1,1,1,2,33,91,73
2,3,1,2,1,4,3,2,1,4,3,3,4,2,3,3,5,4,4,1,5,5,4,4,5,5,5,5,5,4,1,2,5,1,4,2,5,4,1,3,4,5,3,3,2,1,2,1,1,1,1,3,3,1,1,1,1,1,2,1,1,5,1,2,1,1,1,1,3,1,5,2,1,4,27,91,71
2,3,1,1,2,1,1,2,2,1,4,4,4,2,5,2,3,2,4,2,4,2,5,4,3,5,1,1,3,3,2,2,3,3,5,4,4,4,1,1,2,4,1,1,1,1,3,1,2,1,5,1,4,5,2,1,2,1,1,3,2,1,2,2,4,2,1,1,2,1,1,2,2,4,23,76,71
1,1,1,1,2,3,2,2,3,3,1,2,3,2,3,1,5,2,4,1,1,1,1,1,4,4,2,1,4,1,1,1,1,1,1,2,3,4,5,5,5,4,5,1,1,1,5,1,4,5,5,3,4,4,2,1,2,2,3,4,2,1,2,5,2,1,4,1,3,4,1,4,2,5,23,50,109
2,1,0,1,3,3,3,3,1,3,4,4,2,3,5,4,1,2,4,4,4,3,2,3,3,4,3,2,2,5,4,1,1,5,5,2,4,5,1,3,1,1,2,2,3,3,2,5,1,3,2,3,4,5,5,4,3,1,3,5,1,5,1,2,4,3,1,4,1,1,2,2,1,2,29,78,92
1,2,0,1,2,4,2,2,4,4,4,2,3,3,4,3,1,5,2,4,4,5,3,1,5,5,1,3,5,4,3,5,1,4,5,2,3,5,1,1,1,2,1,1,1,1,2,3,1,1,1,1,2,3,1,1,2,5,5,1,2,4,1,5,4,2,2,1,2,5,3,2,1,2,30,83,74
2,2,1,3,2,4,4,2,2,3,3,2,2,4,3,3,4,3,4,2,2,1,4,5,5,5,5,5,4,5,5,5,5,4,5,3,2,1,3,1,2,4,5,2,1,1,2,1,1,3,1,1,1,1,5,5,2,1,1,1,4,2,3,2,3,1,2,2,1,2,5,1,2,1,28,90,76
1,4,0,2,4,4,4,2,4,3,4,4,4,1,5,5,5,4,5,1,5,2,4,2,2,4,4,5,5,2,4,5,5,4,4,3,1,1,1,1,1,1,1,2,1,1,2,1,3,5,1,3,4,2,4,2,1,1,5,2,3,3,2,1,1,1,1,1,1,2,1,1,2,2,34,87,67
1,4,0,2,2,3,4,3,4,2,4,4,4,3,3,3,4,3,5,1,1,3,5,5,4,5,5,5,5,2,5,1,5,4,3,3,5,2,1,1,1,1,3,2,5,2,1,1,1,2,2,1,1,1,1,2,1,2,3,3,1,1,2,5,3,1,1,1,3,2,1,3,1,2,33,87,65
2,1,1,2,2,1,4,4,3,3,3,2,3,1,4,3,5,2,5,5,5,4,5,4,5,4,3,1,5,4,4,5,4,1,5,5,3,3,2,3,4,4,2,3,1,1,2,3,1,4,2,5,5,2,1,1,5,1,3,1,4,5,3,5,1,5,2,1,4,3,5,1,3,4,26,94,102
1,4,1,3,3,4,4,2,3,1,3,1,1,4,1,1,4,3,1,5,1,2,3,1,1,5,3,3,4,4,3,4,1,2,5,5,1,3,5,5,5,5,5,1,4,3,5,5,5,5,5,4,5,4,5,5,5,5,5,2,2,5,4,5,4,5,5,4,5,5,4,3,5,4,26,66,158
2,2,0,1,4,4,4,4,4,4,4,4,4,2,5,3,1,4,3,5,5,5,5,5,5,5,3,4,3,5,2,4,4,5,4,4,5,5,2,1,2,2,1,5,2,1,1,1,2,4,1,3,4,2,1,4,5,1,4,5,2,5,3,2,1,3,4,4,2,2,1,1,3,4,38,99,91
2,2,0,1,4,3,2,2,4,1,4,3,2,4,4,5,3,1,2,2,3,2,4,4,5,5,5,5,5,5,5,5,5,5,2,4,3,4,3,3,1,1,5,1,2,4,1,3,2,1,4,1,2,3,2,3,3,2,3,2,1,1,4,4,3,1,1,5,3,5,1,3,1,4,29,93,89
1,3,0,2,2,1,3,4,4,3,2,4,4,4,4,2,1,5,2,5,5,4,5,4,2,3,2,1,4,3,4,3,2,4,5,4,3,4,4,3,3,2,4,4,1,4,2,1,1,1,1,4,4,1,3,5,1,1,1,1,1,1,2,3,1,1,1,2,5,1,5,5,1,3,31,81,84
2,3,0,3,1,3,3,4,4,2,2,3,4,2,1,3,5,1,4,5,4,1,3,4,4,4,5,5,5,4,5,5,5,4,4,5,5,5,1,1,1,3,2,1,3,1,1,4,3,1,1,1,2,1,1,2,4,2,2,1,1,3,4,1,4,2,5,3,2,2,4,1,1,1,28,96,73
1,3,1,3,4,4,4,4,4,4,4,4,4,4,5,2,4,2,1,3,5,3,2,4,2,1,1,2,3,5,5,4,5,3,5,5,5,4,5,4,2,1,2,4,2,2,3,1,1,1,2,1,1,3,3,2,3,1,5,3,2,4,2,5,5,5,3,2,1,3,1,2,1,1,40,81,89
2,2,0,2,4,3,4,4,2,4,4,4,4,2,1,4,2,3,1,1,3,2,4,2,3,5,2,2,1,2,5,3,2,5,5,5,5,5,2,2,4,5,5,4,3,1,4,5,4,1,4,3,3,4,5,2,2,4,5,5,3,2,4,5,3,4,4,4,2,5,3,3,2,2,35,73,123
2,3,1,1,2,1,4,4,3,2,2,4,2,1,4,3,5,5,4,5,5,3,5,3,2,4,4,1,2,1,3,4,1,5,5,4,3,5,1,2,5,4,1,1,1,2,1,1,5,3,1,1,1,1,1,1,2,2,5,4,5,1,1,2,3,1,5,2,3,2,2,2,3,2,25,86,80
2,3,1,2,1,4,4,3,3,4,4,3,1,2,3,5,5,4,4,5,5,4,5,5,3,5,5,4,4,5,5,4,5,5,2,1,3,1,5,5,5,4,4,3,3,3,3,1,4,3,1,3,5,4,3,3,2,2,5,5,4,4,4,5,3,2,3,1,4,2,2,5,3,1,29,97,119
2,1,1,3,4,3,3,4,4,4,4,4,2,4,5,3,1,5,4,5,4,5,5,4,5,5,5,2,5,2,1,1,4,2,5,5,5,5,1,1,1,1,1,1,1,1,1,1,1,1,1,1,1,1,1,1,1,1,1,1,1,1,1,1,1,1,1,1,1,1,1,1,1,1,36,93,36
1,2,1,1,4,1,4,3,4,4,4,4,3,3,5,5,5,5,4,4,3,1,5,4,5,2,1,2,5,3,1,5,4,2,5,5,5,4,2,2,3,1,2,1,1,1,1,2,1,1,1,1,1,3,2,3,1,1,3,2,2,4,2,2,1,1,1,1,1,1,1,1,1,3,34,90,58
2,1,0,2,4,3,4,4,4,1,3,2,3,4,5,4,5,4,5,3,4,4,5,4,3,4,1,5,5,5,4,5,4,3,1,4,1,1,1,3,2,5,1,2,2,1,1,5,3,1,2,2,5,1,2,1,1,1,3,1,1,1,2,2,1,3,3,4,1,1,2,5,1,3,32,89,76
2,3,1,3,3,3,4,4,4,4,4,4,4,2,4,5,5,5,5,5,5,3,5,5,5,5,5,5,5,4,5,5,4,5,5,5,5,5,4,1,2,2,1,1,1,1,1,1,1,1,1,1,1,2,4,4,2,3,1,1,1,1,1,2,2,5,2,2,2,1,2,2,1,1,36,115,62
2,3,1,1,4,4,4,4,4,4,4,4,4,2,5,5,5,5,5,5,5,5,5,5,5,5,5,5,4,1,4,5,5,3,5,5,5,5,2,1,1,2,3,3,2,1,2,1,1,1,4,5,1,1,1,4,3,2,3,1,1,4,2,5,3,5,5,1,1,1,3,3,5,3,38,112,87
2,1,1,1,4,4,4,4,4,3,2,3,3,2,1,5,5,3,3,4,4,2,5,4,4,4,2,5,5,5,4,5,4,5,5,5,4,5,4,2,1,1,1,4,1,3,5,3,2,1,1,2,2,2,3,1,1,2,1,2,3,4,4,2,5,1,1,1,5,1,2,1,3,3,33,98,81
2,1,0,2,3,4,4,3,2,1,3,2,4,4,1,5,5,1,2,2,1,4,1,1,1,4,1,3,5,3,3,4,4,4,5,3,4,4,1,2,1,2,1,5,1,1,1,1,2,1,5,2,1,1,1,1,4,5,2,2,5,5,3,5,2,4,2,1,3,2,1,4,2,4,30,71,86
1,4,0,1,4,3,4,4,2,2,3,4,4,4,4,3,5,2,5,2,5,4,4,4,1,5,4,3,3,1,5,4,3,2,3,2,4,2,5,4,2,1,4,5,1,4,5,4,5,5,5,4,4,5,5,5,5,5,4,3,4,5,2,4,1,2,3,5,4,5,5,5,5,5,34,80,145
2,3,0,2,2,3,3,4,4,4,3,3,3,4,5,5,5,4,4,5,2,2,5,3,5,4,2,5,5,5,3,1,5,5,5,5,5,4,2,1,4,1,1,1,1,3,1,1,2,1,1,1,2,1,1,1,1,1,1,1,1,4,3,1,1,1,1,1,1,5,1,1,2,1,33,99,54
2,3,0,2,4,4,1,4,3,1,3,2,3,3,4,2,5,2,5,2,3,3,4,3,3,5,4,3,1,3,4,3,2,5,4,4,3,4,1,2,4,4,3,1,1,2,2,1,5,1,4,1,1,3,3,1,4,3,1,1,1,3,1,5,5,4,4,5,1,3,2,2,2,1,28,81,88
2,1,1,1,2,4,4,4,3,3,2,4,4,4,5,4,5,2,1,4,2,4,5,4,5,3,5,5,3,1,4,1,2,2,5,3,5,5,1,3,1,3,2,1,2,1,1,1,1,1,2,2,1,1,1,1,1,2,1,1,1,1,1,1,1,1,1,1,1,2,2,1,1,2,34,85,48
2,1,1,1,3,2,3,4,4,3,4,2,3,1,3,5,4,5,5,1,3,5,2,4,3,4,3,4,5,3,3,5,4,5,1,5,1,4,2,4,4,5,3,5,2,3,3,2,3,4,5,5,5,3,4,4,4,5,4,4,3,5,5,2,2,1,5,2,2,2,5,4,5,3,29,87,129
1,3,0,2,2,3,3,1,2,3,1,1,4,2,3,1,4,4,2,5,3,3,1,2,2,1,1,3,2,4,2,1,1,2,4,5,4,5,2,2,1,4,1,3,1,2,1,3,1,3,1,2,2,1,2,2,1,2,1,3,3,1,1,5,2,5,4,2,2,3,1,1,3,1,22,65,75
1,2,1,3,4,4,3,4,4,4,3,4,4,2,3,1,4,5,4,5,5,3,5,4,1,1,1,1,3,4,3,3,4,2,5,5,3,1,4,5,1,2,4,1,1,2,1,2,5,1,2,1,2,1,3,2,5,4,1,1,1,1,1,2,1,2,1,2,1,1,1,2,1,1,36,76,69
1,2,1,2,4,4,4,4,3,4,3,4,3,4,5,3,2,5,5,4,5,1,1,2,5,4,3,4,3,4,4,1,4,1,5,4,5,4,5,4,4,2,1,1,1,1,1,1,1,1,1,3,5,1,1,2,1,1,1,2,1,5,1,5,4,5,2,5,2,1,2,1,5,2,37,84,82
1,2,1,2,4,4,4,3,4,2,3,1,4,3,2,5,2,5,2,5,5,5,4,5,3,5,2,3,2,2,5,5,4,5,5,5,5,5,1,2,1,1,3,5,5,1,3,5,1,1,1,1,1,1,1,1,1,2,1,1,3,1,3,3,4,2,3,3,3,1,4,1,2,2,32,96,75
2,2,0,1,2,3,1,1,2,3,2,2,3,1,3,5,4,5,5,3,2,3,1,2,2,3,3,2,4,2,5,3,3,4,3,4,5,5,2,1,3,4,2,1,3,1,1,1,1,4,1,5,5,3,2,4,4,3,3,1,2,5,4,3,5,2,1,2,4,1,5,2,1,4,20,81,96
1,3,0,2,4,1,2,1,1,1,1,1,3,3,3,5,5,5,5,4,5,4,2,4,5,5,4,4,3,3,4,1,4,4,5,4,5,5,1,1,3,3,4,2,2,2,2,1,3,3,1,1,2,3,3,4,1,3,3,1,5,1,1,1,1,1,1,1,4,2,1,1,2,1,18,98,72
2,3,1,2,1,2,2,1,4,1,1,4,1,1,3,2,1,1,2,5,1,1,3,2,5,1,4,1,1,4,4,5,1,4,5,5,5,5,2,1,5,2,3,5,5,4,5,5,4,3,4,1,5,5,5,5,5,5,2,5,5,3,2,4,3,3,3,5,5,5,4,4,5,4,18,71,141
2,2,1,2,3,2,4,4,3,4,4,4,2,4,4,4,4,1,3,4,3,5,5,2,5,5,3,5,5,3,4,4,5,2,3,5,1,4,5,3,1,1,2,2,1,1,2,1,2,3,1,1,1,1,5,3,3,3,1,1,1,1,2,3,1,4,1,3,2,3,5,1,5,2,34,89,78
1,1,0,2,2,1,2,2,2,1,1,3,3,1,4,5,4,3,5,5,1,4,3,2,1,1,3,5,1,5,4,2,3,2,3,4,5,3,2,3,3,1,3,1,5,2,3,5,4,4,5,1,4,5,2,4,4,3,2,2,3,3,5,5,4,4,3,3,2,4,4,1,4,3,18,78,116
2,4,0,1,4,3,2,1,1,3,3,4,4,3,4,2,2,5,5,5,4,5,3,4,5,5,4,5,4,3,4,1,1,5,5,5,4,5,1,1,1,1,1,1,1,1,1,2,1,1,1,2,1,1,2,1,1,4,3,5,4,1,4,1,1,1,1,2,1,1,2,1,1,1,28,95,56
2,2,1,1,2,4,1,3,4,4,3,3,3,3,1,1,3,1,3,5,2,4,2,2,2,2,5,4,1,5,1,4,5,5,1,4,4,2,5,4,5,4,2,2,1,2,2,1,5,5,5,5,5,1,2,2,3,1,3,1,1,3,2,3,2,1,3,5,2,1,4,3,2,2,30,69,100
2,3,0,3,1,1,3,3,3,3,2,2,1,3,1,1,1,1,1,4,4,1,1,2,3,4,5,2,5,4,5,3,2,5,5,2,1,5,3,1,3,1,2,1,1,1,1,1,4,1,1,3,4,5,4,1,4,2,2,2,1,4,2,2,5,2,1,1,1,2,1,2,1,2,22,68,75
1,3,0,3,4,1,2,4,3,3,3,4,2,4,3,5,5,2,2,2,5,5,5,5,4,4,1,3,5,3,3,3,4,5,5,3,5,4,3,1,1,2,1,1,1,1,1,1,1,2,1,1,2,1,1,1,1,1,2,3,1,2,3,1,1,1,2,2,2,2,1,1,1,1,30,91,51
1,2,1,1,1,4,3,1,1,4,4,2,2,4,5,5,5,5,5,1,3,1,3,1,2,3,3,1,5,2,1,5,4,5,4,3,5,3,2,4,1,5,1,3,3,2,1,5,5,1,2,3,5,5,4,5,5,3,2,5,4,5,4,2,4,4,5,3,4,3,5,1,3,1,26,80,120
1,3,0,3,3,3,2,3,3,4,4,4,3,4,3,4,4,3,4,4,1,3,4,5,4,4,1,3,1,5,4,1,4,4,2,5,4,5,4,3,1,5,1,2,5,5,2,5,1,4,4,3,5,5,5,5,5,5,1,4,5,3,5,5,5,5,3,5,1,1,1,5,3,2,33,82,129
1,1,0,3,2,3,4,4,4,4,2,3,2,2,5,5,5,5,4,4,5,5,5,4,3,4,2,5,3,5,3,5,5,5,5,4,5,4,5,1,3,4,3,1,1,1,3,2,5,5,5,5,5,4,5,2,5,5,4,3,5,3,3,5,4,1,3,4,2,1,3,4,1,2,30,105,118
2,4,0,3,4,3,4,2,1,2,3,1,3,4,2,5,2,3,2,5,4,2,1,5,5,5,1,4,1,2,5,3,3,2,4,4,5,4,2,1,4,3,5,1,1,2,1,1,5,4,3,3,3,2,3,3,2,4,1,1,1,2,5,1,3,1,2,1,1,1,1,1,1,2,27,79,78
2,4,0,1,3,3,4,4,2,3,4,2,4,4,5,2,3,2,5,2,1,1,4,2,3,1,3,4,1,5,3,5,5,5,5,4,2,2,1,5,1,4,2,3,5,2,5,4,5,4,5,1,4,5,2,4,4,3,1,1,3,2,3,5,2,3,2,2,1,2,3,1,3,1,33,75,104
1,3,1,2,4,3,4,4,4,4,4,3,4,1,2,5,5,5,4,5,3,5,5,5,5,5,4,1,4,5,5,5,5,5,5,5,5,3,3,1,3,1,1,1,1,1,1,1,3,1,1,1,1,1,1,1,1,1,1,1,1,1,1,2,1,1,1,3,2,1,1,1,1,1,35,106,46
1,1,0,3,2,1,1,4,2,3,4,4,3,1,5,3,5,4,5,1,1,1,2,3,2,3,5,4,3,4,4,3,3,4,1,1,2,2,5,3,4,2,3,5,5,5,5,5,3,5,4,4,2,3,3,3,4,3,3,3,3,2,1,3,5,3,3,3,3,3,1,2,4,5,25,71,123
1,1,0,3,4,4,4,4,4,4,4,4,4,4,3,2,5,5,3,5,1,4,5,4,5,5,4,5,5,2,3,5,1,2,5,3,5,5,3,4,4,4,2,1,1,3,3,2,1,4,5,1,2,4,4,5,3,5,1,3,5,5,5,5,4,2,5,3,1,3,1,1,1,1,40,92,107
1,1,0,3,4,3,4,3,2,1,4,4,4,1,5,5,2,2,2,5,5,5,5,5,5,4,4,5,4,5,5,5,5,5,2,5,5,4,1,1,2,2,1,1,1,3,2,3,1,1,1,1,1,4,1,1,1,2,1,1,1,1,1,1,3,1,2,1,1,1,1,1,1,1,30,104,50
1,1,1,3,4,4,4,3,2,3,3,4,2,1,1,5,3,3,1,5,2,3,4,1,2,5,2,5,5,5,5,5,4,5,1,4,1,2,2,2,1,1,1,1,2,1,4,2,4,1,3,3,2,4,5,2,1,2,1,1,1,4,2,1,2,5,5,3,2,1,1,1,1,1,30,79,76
2,4,1,1,3,4,4,4,4,4,3,3,4,3,5,5,5,5,5,5,4,3,5,5,4,5,5,5,5,4,2,5,5,1,4,5,5,5,1,2,1,1,1,1,2,1,1,1,1,1,1,1,1,1,1,1,1,1,1,1,1,1,2,1,1,1,1,1,1,1,1,1,3,1,36,107,41
1,4,1,3,4,2,1,3,1,3,4,4,4,1,4,1,3,3,4,4,3,4,5,4,2,5,5,5,4,1,5,4,5,5,5,3,1,3,1,3,1,4,5,2,1,1,3,4,2,3,1,4,4,1,1,1,1,1,4,1,3,1,5,2,2,2,4,4,1,1,2,1,2,1,27,88,80
2,2,0,2,3,4,4,2,4,1,4,3,4,2,2,3,5,2,4,1,2,3,1,5,5,4,1,5,4,5,5,2,4,5,3,1,4,4,1,2,1,1,2,3,2,2,1,1,1,2,2,3,1,1,2,3,2,1,2,2,3,2,5,1,1,1,1,1,5,1,5,1,2,1,31,80,68
2,3,0,2,3,3,2,2,3,1,3,4,3,2,5,5,4,4,5,4,3,5,3,4,3,4,5,3,4,2,5,3,4,5,2,3,2,5,2,1,2,2,3,1,2,2,1,1,3,2,1,2,1,2,2,1,4,4,1,1,1,1,3,1,1,1,2,1,3,1,2,2,2,2,26,92,64
1,2,0,3,3,2,4,4,4,4,4,1,4,4,1,4,5,5,5,5,4,5,2,1,5,5,5,5,5,5,4,5,2,5,2,2,5,2,3,2,3,5,1,5,3,2,2,2,2,2,4,4,1,2,3,3,2,3,2,3,2,5,2,1,2,1,2,1,1,1,2,3,2,2,34,94,86
1,2,1,3,4,4,3,4,2,3,4,4,3,4,3,5,3,1,5,1,3,1,3,4,5,5,5,4,5,3,5,4,3,5,5,3,4,5,1,2,5,5,2,1,2,5,1,2,1,4,5,5,5,4,5,1,5,5,5,4,3,5,5,5,5,5,2,5,1,3,1,2,3,2,35,90,122
2,2,1,1,2,2,4,2,2,4,4,1,4,2,4,4,5,5,4,4,1,5,2,4,3,5,3,1,2,3,5,5,5,5,5,5,5,5,1,3,1,3,4,3,1,3,4,1,3,2,5,2,3,1,2,1,2,2,5,5,1,1,3,1,3,2,2,3,3,2,2,2,2,5,27,95,89
2,1,1,3,4,2,4,3,3,4,2,4,4,3,5,3,5,5,5,4,5,5,4,5,5,5,5,5,4,4,4,5,5,3,5,4,5,5,1,1,1,1,1,1,1,1,1,1,3,1,2,3,4,1,1,1,2,2,1,1,1,2,1,3,2,2,1,2,1,1,1,1,1,1,33,110,52
2,3,1,1,3,2,2,2,4,4,4,4,4,2,4,3,4,3,4,4,2,3,4,5,3,5,1,3,3,5,5,5,3,3,5,3,4,5,1,4,1,3,5,1,1,1,1,2,1,2,2,5,5,3,1,1,1,2,5,2,3,2,3,1,2,1,2,1,1,1,1,1,1,5,31,89,75
2,4,1,3,2,3,4,4,3,3,4,4,3,4,5,5,5,5,5,5,3,4,5,1,5,5,3,4,5,2,5,1,5,5,5,5,5,3,1,1,4,3,5,4,3,4,5,2,2,4,2,1,1,4,2,1,5,3,5,3,5,5,5,1,1,1,4,3,3,4,4,1,3,5,34,101,110
1,2,0,1,2,2,3,2,1,4,1,1,2,4,2,2,4,5,2,5,5,2,3,4,1,3,2,1,2,5,2,2,3,4,5,4,2,1,1,3,5,2,4,3,3,5,2,1,1,4,1,4,1,5,5,5,5,5,5,4,4,5,4,3,4,3,1,1,3,3,4,3,3,2,22,71,117
1,1,1,3,4,4,3,1,4,2,3,1,2,3,3,3,5,2,1,5,5,5,4,5,5,5,4,3,3,1,3,1,1,4,5,5,5,5,3,3,1,1,1,1,1,1,1,1,1,1,2,1,2,1,2,1,1,2,1,2,3,1,3,1,1,1,1,1,1,1,1,1,1,2,27,88,50
2,2,1,1,1,1,4,1,1,4,3,2,1,1,3,5,5,4,4,2,5,3,2,1,2,1,1,1,1,2,2,5,2,5,3,1,4,1,2,5,1,1,1,5,3,2,3,3,2,1,1,1,1,1,4,4,1,1,1,1,1,1,1,1,2,3,1,3,2,1,1,4,2,1,19,65,69
1,4,1,3,4,4,4,1,4,2,3,4,4,3,5,5,5,5,5,5,5,5,5,3,4,1,3,3,5,1,3,1,2,3,3,4,5,1,2,4,1,1,5,4,5,3,1,1,3,4,3,3,1,5,3,2,3,2,2,1,1,1,5,4,1,4,1,2,5,3,1,1,1,2,33,87,91
2,4,0,3,4,4,4,2,2,1,3,4,4,2,4,5,1,5,5,3,4,1,2,5,5,3,2,5,1,2,2,3,3,1,5,5,5,3,1,2,5,1,5,5,5,5,2,4,1,3,4,5,3,2,3,4,1,4,5,3,3,2,3,3,3,2,5,4,3,1,5,3,4,5,30,80,119
1,2,1,1,4,2,3,3,3,1,4,3,3,2,2,3,4,2,1,5,5,4,5,4,4,4,5,5,5,1,2,2,3,1,3,3,5,3,2,3,1,1,1,4,5,5,4,5,5,4,4,5,1,1,5,4,2,5,4,5,5,4,5,5,5,5,5,5,4,3,2,5,3,2,28,81,134
2,1,1,2,3,3,3,4,3,1,3,4,1,3,5,4,5,5,5,3,2,4,5,5,1,1,5,4,1,5,5,5,5,5,1,2,1,3,1,2,3,2,5,1,2,1,5,1,1,3,1,4,3,2,4,2,3,5,3,1,1,3,3,3,2,2,3,2,4,3,1,3,1,4,28,87,90
2,1,0,1,4,4,4,4,4,4,4,4,4,4,4,5,5,4,5,3,5,5,5,5,1,4,2,5,5,5,5,5,5,5,4,5,5,4,1,1,3,1,2,1,2,1,1,1,1,1,1,1,1,1,1,1,1,1,1,1,1,1,1,2,1,1,1,1,1,1,1,2,1,1,40,106,42
2,2,1,3,2,4,2,3,2,1,2,2,4,4,5,5,2,1,5,1,3,2,4,3,5,1,3,5,4,5,2,5,3,4,2,5,5,5,4,1,4,4,1,1,4,3,1,1,1,2,1,1,5,2,1,1,1,4,1,1,2,2,1,3,4,4,5,4,1,5,5,1,3,2,26,85,87
1,3,0,1,4,4,4,4,4,4,4,4,4,4,1,3,5,2,1,5,5,5,5,5,5,5,5,4,5,5,5,4,5,5,2,3,2,4,5,1,3,1,2,1,3,1,2,1,2,1,3,1,2,2,4,4,2,3,2,4,2,1,2,3,5,1,1,3,4,1,3,1,1,1,40,96,79
1,3,1,3,3,4,2,3,4,4,4,1,3,3,4,3,5,4,5,1,4,2,2,1,4,5,2,3,2,2,4,1,1,2,2,5,3,2,3,2,2,3,3,5,5,5,2,2,1,4,1,3,3,1,1,3,4,3,1,3,2,3,3,1,2,1,2,4,3,4,5,5,4,1,31,69,100
2,3,1,2,1,3,4,1,4,3,4,4,4,4,1,1,4,4,3,1,4,2,1,3,2,5,2,4,2,4,4,1,2,1,2,3,5,5,2,3,4,4,1,1,2,1,2,1,1,1,1,4,1,1,2,1,1,1,2,4,1,2,1,3,2,2,1,1,1,2,1,1,1,2,32,66,62
1,1,1,3,3,4,3,2,2,3,4,2,1,4,2,5,5,4,5,3,4,4,5,5,2,1,5,3,1,2,1,3,1,1,2,4,3,4,1,4,3,2,3,5,3,1,2,5,3,2,5,2,3,1,2,1,5,3,1,1,1,1,2,2,4,2,4,1,2,1,2,2,1,1,28,75,84
2,2,1,1,1,3,3,3,4,2,3,2,4,3,5,3,2,2,3,4,3,4,5,4,2,2,1,2,1,3,3,5,2,3,2,3,3,2,2,5,2,2,4,2,3,2,1,1,4,2,3,3,1,5,2,5,2,2,1,2,2,1,2,4,2,1,4,3,2,4,1,1,4,2,28,69,89
1,3,1,3,4,4,3,4,2,4,4,4,4,4,5,5,5,5,5,5,5,5,5,5,2,4,5,4,5,5,5,3,5,5,3,5,4,5,1,1,1,1,1,1,1,1,1,1,1,1,1,1,1,1,1,1,1,1,1,1,1,1,1,1,1,1,1,1,1,1,1,1,1,1,37,110,36
2,4,1,2,1,2,2,4,2,2,2,2,3,3,4,3,4,4,3,3,4,2,1,5,4,5,4,2,4,5,2,5,4,5,2,3,3,1,5,1,5,5,3,5,4,5,5,5,5,4,4,4,4,1,5,2,5,4,4,2,5,4,4,4,2,4,2,5,5,5,3,4,5,5,23,82,144
1,4,0,3,4,1,4,3,2,4,3,3,2,2,1,5,4,5,2,2,5,3,4,5,5,5,4,4,2,5,5,5,4,5,1,2,4,2,2,3,2,1,4,3,1,2,1,2,1,1,1,2,1,2,2,1,3,1,1,1,1,2,1,5,4,3,4,1,2,1,1,1,1,1,28,89,66
1,4,1,3,1,3,2,2,3,1,1,1,1,2,1,2,1,1,1,3,3,1,1,2,3,3,5,5,5,2,5,4,2,1,4,5,3,5,1,3,2,5,5,2,4,4,1,1,3,4,5,2,1,5,2,4,1,4,2,5,3,4,4,5,5,3,3,4,4,1,4,1,5,1,17,68,113
1,3,1,1,4,1,3,4,4,1,4,1,4,3,5,4,2,2,1,4,4,1,3,2,4,5,5,3,2,5,4,1,5,3,4,4,4,4,2,1,1,3,3,5,5,1,2,5,1,1,1,4,4,1,3,2,5,2,1,2,3,1,2,2,2,1,1,1,1,2,3,3,1,1,29,81,79
2,1,1,3,3,1,2,2,4,4,4,3,1,3,5,5,5,5,5,5,1,2,1,4,4,4,1,2,1,5,2,1,2,4,3,1,1,3,2,4,1,2,3,1,1,2,1,1,1,1,1,1,1,1,1,1,1,1,2,1,1,2,1,3,1,1,1,2,1,1,1,1,1,1,27,72,49
1,1,0,2,2,4,3,3,2,3,4,4,4,1,5,1,2,4,1,4,5,1,4,3,4,5,5,5,5,5,3,4,5,3,4,5,1,4,1,1,1,1,1,1,1,1,1,1,1,1,1,1,1,1,1,1,1,1,1,1,1,1,1,1,1,1,1,1,1,1,1,1,1,1,30,88,36
2,1,0,1,3,4,2,3,3,2,4,4,4,4,5,4,5,2,4,5,5,5,1,5,5,5,4,3,5,5,3,3,4,4,5,3,1,1,4,5,4,1,1,4,3,5,2,4,4,5,5,1,4,2,2,1,5,3,5,5,2,4,1,1,5,1,4,2,1,4,5,1,1,1,33,92,108
2,3,1,1,3,4,3,2,3,3,4,3,3,4,5,5,5,3,5,5,2,4,4,2,5,5,5,4,5,5,2,3,3,4,5,5,5,4,2,2,1,2,1,4,1,4,2,1,5,2,2,2,1,5,1,2,1,2,1,1,1,1,1,1,3,1,4,1,2,1,1,1,1,1,32,100,65
2,4,0,3,1,2,1,1,3,3,2,2,3,1,1,2,5,5,2,3,1,4,1,2,1,3,1,1,1,4,5,2,3,4,5,3,2,3,5,5,4,5,4,5,5,5,5,5,5,5,5,5,5,5,5,5,4,5,5,5,3,5,5,5,5,5,5,2,2,1,1,5,5,3,19,64,159
2,4,1,2,1,4,2,1,3,4,1,4,4,2,3,3,5,2,4,2,5,4,5,1,1,2,1,4,1,5,4,1,4,1,4,3,2,5,5,1,3,2,1,1,1,1,1,2,5,5,1,1,1,2,1,1,4,3,1,1,2,5,5,4,1,2,1,1,4,1,4,4,4,5,26,72,87
2,1,0,3,4,4,4,3,4,4,4,3,3,3,5,5,5,5,5,4,5,3,4,5,3,1,1,5,2,3,5,3,5,4,1,5,5,3,2,2,2,5,3,1,1,1,1,1,2,5,2,3,1,3,1,5,4,3,4,3,2,1,4,1,1,1,5,2,1,1,1,2,3,1,36,92,81
2,1,1,1,4,4,3,3,2,4,4,4,4,4,3,3,5,2,4,5,4,2,4,2,5,4,4,5,1,4,5,4,5,5,4,2,5,5,1,2,1,1,1,1,1,3,2,1,1,1,2,1,1,1,2,3,1,1,1,1,1,1,1,1,1,1,1,1,1,1,1,1,2,1,36,92,45
2,1,0,3,4,3,3,2,1,3,4,3,3,3,5,4,5,5,4,1,4,1,5,4,4,4,5,5,5,5,5,5,5,3,2,3,5,5,1,1,1,1,1,1,1,1,1,1,1,1,1,1,1,1,1,1,1,1,1,1,1,1,1,1,1,1,1,1,1,1,1,2,1,1,29,99,37
2,3,0,2,2,1,3,4,3,3,4,1,4,4,1,5,2,5,2,5,5,5,5,5,3,3,5,3,4,5,5,4,5,5,4,3,5,2,1,1,1,1,2,1,1,1,1,2,1,1,1,1,1,1,1,1,1,1,2,5,4,2,1,1,1,2,1,1,2,4,4,2,2,5,29,96,61
2,4,1,1,4,3,2,4,4,4,3,4,4,4,5,5,3,1,2,4,1,2,5,3,3,3,3,5,5,5,3,5,1,2,3,4,5,5,3,1,3,1,1,1,1,1,1,1,1,1,4,1,2,3,1,4,1,1,1,1,3,1,3,2,1,3,2,2,1,1,1,1,1,3,36,83,60
1,2,0,1,4,4,4,4,4,3,4,4,4,4,3,5,1,4,1,1,5,2,3,2,5,2,5,5,3,4,3,5,5,4,5,2,4,3,1,1,1,1,1,1,1,1,1,1,1,1,1,1,1,1,1,1,1,1,1,1,1,1,1,1,1,1,1,1,1,1,1,1,1,1,39,82,36
1,1,0,3,4,2,4,3,4,3,1,1,2,2,4,4,2,1,2,3,5,4,1,4,3,2,2,4,3,5,4,5,4,4,4,4,5,5,1,5,4,5,3,1,1,1,2,1,1,2,3,1,1,1,2,4,1,1,4,2,3,3,1,1,1,1,1,5,5,4,3,5,3,2,26,84,85
2,2,0,1,3,3,4,4,3,3,4,4,4,4,5,5,4,3,1,3,5,5,3,4,1,5,4,4,3,4,1,2,4,5,5,5,5,5,1,1,2,1,1,1,2,1,2,1,1,1,1,2,1,1,1,1,1,1,1,1,2,2,1,1,1,1,2,1,3,1,2,1,2,1,36,91,47
2,2,0,2,3,2,4,4,3,2,2,2,3,3,4,4,2,2,3,5,4,4,4,4,3,4,4,4,1,2,1,4,1,1,5,5,2,4,2,2,4,3,1,1,1,3,1,3,1,1,1,1,3,2,2,2,2,2,1,1,1,1,1,4,1,1,1,2,3,1,2,1,5,1,28,77,65
2,3,0,1,3,4,3,3,4,3,4,4,2,3,4,5,4,5,1,3,4,1,1,3,5,1,3,1,4,5,1,5,5,5,5,5,5,5,3,1,2,3,2,3,1,1,4,2,1,4,1,1,1,3,5,4,1,5,1,4,1,2,3,1,3,1,3,1,4,4,2,2,2,3,33,86,85
2,2,0,2,4,4,4,4,4,4,4,4,4,4,5,3,5,5,5,5,5,5,4,5,4,2,3,5,4,4,1,1,4,3,4,4,4,5,1,1,1,1,1,1,1,1,1,1,1,1,2,1,2,1,3,2,2,1,1,1,1,1,2,1,1,1,1,1,1,1,2,1,1,1,40,95,44
1,4,1,3,3,4,2,1,3,4,4,3,1,4,5,5,5,5,4,1,4,3,4,5,3,4,3,5,1,4,4,5,4,4,1,5,3,5,1,1,1,1,1,1,1,1,1,1,1,1,1,1,1,1,1,1,1,1,1,1,1,1,1,1,1,1,1,1,1,1,1,1,1,1,29,92,36
2,4,0,1,3,3,4,3,4,4,4,4,4,3,4,5,5,4,5,1,4,4,5,4,5,3,3,1,2,4,4,4,3,4,1,1,2,5,1,1,1,1,1,3,2,1,2,1,1,3,1,1,3,1,1,1,1,2,1,1,2,1,1,2,1,1,1,1,1,1,1,1,1,1,36,83,47
1,2,0,3,4,1,1,4,4,4,3,4,3,4,3,5,4,5,5,5,5,4,3,4,4,3,5,5,4,5,5,4,5,4,5,5,2,5,2,1,4,2,1,1,1,5,2,1,3,2,4,3,3,3,1,1,3,3,2,5,4,5,1,4,1,1,3,4,4,3,3,1,1,2,32,104,90
2,4,0,3,2,4,4,4,4,3,4,4,3,4,3,3,5,4,5,4,5,5,5,1,2,5,3,5,1,4,3,2,5,4,4,5,5,3,2,3,2,1,2,2,4,4,3,4,1,1,2,1,1,2,3,1,1,1,2,2,1,4,2,1,2,1,2,1,2,1,1,2,2,1,36,91,68
1,4,1,3,2,2,3,4,3,3,4,2,4,2,1,1,1,1,1,5,1,2,1,2,5,5,5,5,5,5,5,5,5,5,5,5,5,5,5,1,3,4,4,5,3,3,2,5,5,5,3,2,2,5,1,1,1,3,2,2,4,4,5,4,3,1,1,1,3,1,1,4,3,1,29,86,103
2,2,1,3,2,1,4,1,3,1,4,2,2,3,4,5,3,5,2,1,4,2,5,5,4,1,5,1,3,4,3,1,4,4,2,1,1,3,4,2,5,3,5,5,5,4,5,4,3,5,4,3,5,1,4,2,4,5,2,1,4,1,5,5,1,1,4,1,1,2,4,3,4,2,23,73,119
2,2,0,2,4,4,4,4,3,3,4,2,4,4,3,4,4,5,4,5,4,5,5,1,5,4,4,3,5,5,4,5,5,3,4,2,3,5,3,2,5,5,5,5,5,5,5,5,2,4,5,3,3,5,3,2,4,5,5,5,5,5,5,5,5,2,5,5,5,5,5,5,3,4,36,97,155
1,1,0,2,4,2,4,4,1,4,3,2,4,4,1,1,1,4,3,2,5,2,3,1,2,1,3,1,2,4,3,1,2,4,3,2,3,4,5,2,4,5,3,5,2,3,1,5,5,2,1,5,4,4,5,5,4,3,5,5,5,2,2,1,5,1,3,5,3,3,5,3,3,4,32,58,128
2,1,1,2,4,3,4,2,3,1,1,2,4,4,4,4,5,5,3,1,4,5,3,4,4,5,4,5,5,4,1,3,3,5,5,5,5,4,2,2,2,1,1,1,1,1,1,1,1,1,2,1,1,1,1,1,1,1,1,1,1,1,1,2,2,1,2,5,1,2,1,1,1,1,28,96,48
2,3,1,1,4,1,4,4,2,4,3,3,2,4,1,5,1,3,4,5,3,4,5,1,5,3,5,5,5,3,3,5,4,4,2,5,5,3,3,5,3,4,4,1,1,1,1,1,2,1,5,5,4,2,1,1,5,4,4,1,4,3,3,3,5,4,3,1,4,2,1,3,3,4,31,89,102
2,1,0,3,4,3,1,1,4,3,2,3,1,1,5,1,5,4,4,2,5,4,5,5,2,3,2,1,2,5,5,5,3,3,5,5,5,4,3,1,4,1,2,4,4,2,2,2,2,2,2,5,1,2,3,2,1,5,1,5,5,2,4,1,1,3,1,4,4,1,4,2,2,5,23,90,95
1,1,1,2,1,4,3,4,2,4,1,4,2,3,5,5,5,5,5,5,4,4,3,4,5,5,5,3,5,4,4,4,3,5,5,4,5,4,3,2,1,4,1,4,1,1,3,2,4,2,1,4,3,2,3,3,5,2,2,1,2,2,1,5,1,2,1,5,2,5,1,1,4,1,28,106,87
1,2,0,1,2,4,4,2,3,1,3,1,3,2,4,2,3,3,1,2,4,4,2,5,5,4,3,3,3,4,1,5,1,2,5,5,3,4,3,5,1,3,3,4,2,3,4,1,2,2,5,4,2,4,5,2,3,5,2,4,1,1,1,5,3,2,4,2,2,4,4,3,4,3,25,78,108
2,4,1,2,1,4,1,3,1,4,3,1,2,2,4,1,3,1,3,2,4,1,1,1,4,1,3,3,3,4,3,4,4,5,1,2,3,5,2,4,4,2,1,4,3,2,2,3,3,1,4,1,5,3,4,2,2,2,1,1,3,2,4,3,4,3,4,5,1,5,4,4,2,2,22,66,102
2,3,1,3,4,3,2,3,1,1,4,4,3,2,5,5,5,3,5,5,5,5,5,5,5,5,5,5,5,5,3,5,2,4,5,5,5,5,1,4,2,5,5,5,3,3,3,2,1,3,4,4,1,5,1,3,5,4,3,1,1,3,3,1,1,2,1,2,2,5,3,3,3,2,27,112,100
1,4,0,3,4,4,4,3,4,2,4,4,3,4,5,5,4,5,5,5,5,4,5,5,5,5,1,5,1,3,2,4,5,5,3,5,3,4,1,1,2,2,3,5,2,2,1,5,3,4,3,1,1,1,2,1,3,2,1,4,1,2,4,5,2,3,2,5,1,1,2,2,1,1,36,99,82
2,4,1,3,1,1,2,2,3,2,3,4,4,1,5,4,2,3,5,5,5,1,5,5,1,1,1,3,2,1,4,3,2,2,5,1,5,2,2,3,5,4,3,5,5,3,5,2,5,3,3,2,5,2,3,1,5,3,5,2,2,3,1,1,1,3,3,3,1,2,5,5,5,2,23,73,113
2,2,0,3,4,4,3,1,1,1,1,3,4,2,5,5,1,3,2,1,1,2,1,1,2,3,1,2,4,5,5,5,5,3,2,2,4,2,2,1,1,1,1,3,1,5,5,3,4,5,2,5,4,5,5,5,5,4,3,5,5,1,1,1,1,1,5,4,5,3,4,1,4,4,24,67,115
1,4,1,1,3,4,4,4,3,4,4,3,2,4,5,4,3,1,3,3,1,4,3,4,1,1,5,1,1,4,1,4,5,2,1,4,5,5,1,5,2,3,3,1,1,1,5,3,3,2,1,1,1,5,4,2,2,1,2,4,5,3,3,3,4,5,5,5,2,5,5,5,2,2,35,71,107
2,4,0,1,4,3,4,2,4,2,2,4,3,4,5,1,2,5,4,3,2,4,2,4,5,5,5,5,5,5,5,3,5,5,4,4,4,2,2,5,3,2,3,3,2,5,2,1,1,2,3,3,1,4,5,1,1,1,1,3,3,4,2,3,3,2,3,2,2,1,1,1,3,2,32,94,86
2,3,1,1,2,4,4,4,2,1,3,4,4,3,3,5,5,1,3,4,2,1,3,5,2,2,3,5,5,5,3,4,5,5,3,1,5,5,3,5,4,5,4,5,3,5,4,2,3,4,2,5,3,1,5,1,1,5,2,1,2,2,4,1,4,3,5,2,4,4,2,5,4,4,31,85,119
1,2,1,2,4,4,4,3,4,4,4,4,3,1,5,5,3,2,5,5,5,5,5,4,5,5,3,3,5,2,4,2,1,1,5,5,5,1,1,1,1,1,1,1,1,1,1,1,1,1,1,1,1,1,1,1,1,1,1,1,1,1,1,1,1,1,1,1,1,1,1,1,1,1,35,91,36
1,4,1,2,3,4,4,2,2,3,3,4,4,3,5,5,5,4,3,4,1,2,3,4,3,1,4,4,1,3,5,5,1,3,5,5,4,4,1,1,1,1,1,2,2,1,1,1,4,1,1,1,1,1,1,2,1,1,3,3,5,1,1,1,1,2,3,1,2,2,1,1,1,1,32,84,55
2,1,1,1,2,4,2,1,3,1,4,4,1,3,4,3,1,5,3,5,5,3,4,2,5,1,5,1,4,3,5,4,3,5,2,2,5,4,2,4,4,2,3,2,4,4,5,2,5,5,5,5,5,3,5,4,3,5,5,5,4,5,5,4,2,4,5,5,4,1,5,2,1,1,25,84,135
2,3,1,3,4,4,4,3,4,4,4,4,4,4,5,5,5,5,4,5,5,5,5,5,5,5,5,5,3,5,4,2,1,3,5,5,5,4,2,4,4,3,5,1,4,1,1,2,2,3,4,2,2,1,5,1,4,4,2,1,3,2,4,5,1,1,2,2,1,1,1,4,1,2,39,106,88
2,4,0,1,4,4,1,2,3,2,4,1,4,2,1,4,2,5,4,2,4,2,1,2,5,5,3,4,5,3,4,2,2,5,5,4,5,4,3,3,1,2,1,3,3,3,5,3,3,2,2,1,4,1,3,1,3,1,3,4,2,2,3,2,1,1,1,1,1,1,1,2,1,3,27,83,77
2,4,0,3,4,4,4,3,3,4,2,4,2,3,2,3,4,3,3,3,5,4,5,2,5,5,4,5,3,3,3,1,5,3,2,4,3,4,5,4,1,1,4,1,2,2,3,1,4,4,1,2,5,2,1,1,1,2,1,2,1,4,2,3,3,4,2,4,1,4,1,3,1,1,33,84,84
2,4,0,2,3,4,1,4,4,3,4,4,4,3,2,5,5,5,5,4,1,3,2,2,3,5,2,5,5,5,4,5,5,4,5,5,3,4,1,1,1,1,1,1,1,1,1,1,1,1,1,1,1,1,1,1,1,1,1,1,1,1,1,1,1,1,1,1,1,1,1,1,1,1,34,94,36
2,4,0,2,2,4,4,4,4,2,4,4,4,1,5,5,5,4,5,5,5,4,5,5,3,4,4,4,5,1,5,1,3,2,3,3,4,4,4,2,3,3,1,2,2,2,1,1,3,3,3,4,4,2,2,4,3,2,2,4,1,4,5,4,1,2,4,1,4,4,3,1,2,1,33,94,94
2,3,1,3,3,1,3,2,2,3,1,3,4,2,5,4,3,2,2,2,2,1,4,2,1,3,3,2,5,1,2,1,2,3,1,1,1,1,5,5,5,5,5,5,5,4,5,5,5,5,5,5,5,5,4,4,5,3,5,5,4,5,5,5,4,5,5,2,4,5,5,3,5,5,24,54,167
2,3,0,2,2,3,2,2,4,2,3,3,2,2,2,1,5,3,2,1,1,3,4,3,5,5,5,5,5,4,4,5,5,3,2,2,5,1,1,2,2,4,1,5,4,5,3,5,1,1,1,1,1,4,1,1,3,1,2,1,2,1,2,1,1,2,2,5,1,1,1,1,1,2,25,81,73
1,2,0,3,3,4,4,3,3,4,4,4,3,4,5,5,1,4,5,3,5,2,3,1,2,4,3,1,3,4,4,5,5,5,3,5,5,5,3,2,1,2,2,1,3,2,2,1,3,5,4,3,4,1,1,1,2,1,4,2,3,3,2,1,1,2,1,1,1,5,2,2,2,3,36,88,79
1,1,0,2,2,2,4,1,4,3,1,2,4,4,2,5,5,3,1,5,5,2,5,3,1,5,4,4,3,1,1,2,2,1,5,5,5,5,2,3,2,4,1,3,5,4,2,5,3,4,1,1,2,3,2,2,5,1,5,5,2,2,2,1,4,4,3,5,2,2,1,2,1,2,27,80,98
2,3,1,3,3,1,2,4,4,2,1,4,4,3,4,4,5,4,3,2,4,5,1,2,5,2,2,3,2,2,3,5,3,5,3,2,4,5,5,4,4,4,5,5,4,5,1,4,2,3,5,4,2,5,5,1,3,4,5,3,1,2,2,4,5,5,5,3,4,2,3,2,4,5,28,80,130
1,1,0,2,4,4,4,1,3,4,1,4,4,4,5,5,4,4,5,5,4,5,5,5,5,5,5,4,5,5,4,5,3,5,4,5,5,5,2,1,2,1,1,1,1,1,2,1,2,2,2,1,4,1,3,1,1,1,1,1,1,1,1,1,1,1,1,1,1,1,1,1,1,1,33,112,47
1,2,1,1,1,4,3,3,2,3,3,4,3,3,5,5,5,5,5,3,5,5,4,5,5,5,4,3,5,5,5,5,5,5,5,5,5,5,1,5,1,1,2,1,1,2,1,2,3,4,1,3,1,1,2,1,5,2,5,3,1,3,5,1,1,1,2,1,1,2,1,1,3,2,29,114,73
1,4,1,3,3,2,4,4,4,2,4,2,4,4,2,4,4,3,5,4,4,5,3,3,2,4,2,2,5,1,3,2,1,2,2,5,2,3,3,5,2,5,4,4,4,3,1,2,1,1,3,2,2,1,1,2,3,3,2,1,1,4,5,2,2,3,4,1,4,1,2,3,1,1,33,73,89
2,4,0,2,4,1,3,3,4,3,2,1,4,2,4,4,1,2,3,2,5,2,5,4,2,5,2,5,5,1,2,4,4,5,1,4,3,5,5,4,2,3,4,1,3,2,2,1,3,4,1,3,1,5,5,5,5,5,3,5,5,5,5,2,2,4,4,2,3,1,2,2,4,2,27,80,115
2,3,0,2,3,4,3,3,4,2,1,4,1,4,4,5,5,4,5,5,2,1,1,1,4,4,5,5,4,1,4,1,4,3,3,5,5,3,5,5,5,3,2,2,5,3,1,4,4,4,1,5,5,3,1,4,3,5,2,2,1,1,4,1,1,1,2,2,5,4,3,3,1,5,29,84,108
1,2,0,2,3,4,3,4,4,3,3,1,4,4,5,4,5,5,5,5,5,5,5,3,5,5,5,4,5,5,4,5,5,5,5,1,5,4,5,2,5,2,1,5,1,1,5,3,5,5,4,5,1,4,4,1,4,5,1,1,1,1,2,2,2,2,4,4,4,1,2,3,1,1,33,110,100
1,2,0,2,4,3,4,4,2,3,4,2,1,2,4,5,3,5,5,5,4,3,5,5,1,3,4,1,5,5,1,5,5,2,5,2,5,5,3,5,2,5,5,4,5,4,4,5,1,5,3,4,1,4,2,5,5,4,1,1,1,1,2,1,1,1,3,3,5,3,5,2,2,4,29,93,112
2,1,0,1,4,3,3,2,3,3,2,4,1,2,4,2,5,5,2,4,5,4,4,2,4,3,5,5,4,1,1,1,2,3,4,4,2,5,5,5,5,4,5,4,2,5,5,1,1,1,5,2,5,2,3,5,2,2,3,4,3,5,3,2,1,1,1,5,5,1,5,5,5,2,27,81,120
2,1,0,1,3,3,2,2,4,4,3,4,1,2,4,2,2,3,1,4,1,1,2,3,1,5,5,3,2,3,4,4,3,3,4,5,3,5,2,2,3,5,5,2,1,5,1,1,2,5,3,1,1,4,5,2,1,1,5,1,3,3,4,1,1,2,1,1,1,4,1,1,3,2,28,73,86
2,3,0,2,2,2,4,2,4,3,4,3,2,1,5,5,5,5,3,5,1,5,5,4,5,4,2,5,4,4,4,4,4,3,5,5,1,3,1,5,3,4,4,1,1,5,2,3,1,4,4,1,1,1,2,4,3,2,5,5,5,5,4,1,3,3,5,1,4,1,4,3,3,4,27,96,108
2,4,1,1,1,1,4,4,2,4,3,4,3,4,1,2,3,2,1,2,3,4,3,3,1,3,5,4,3,5,5,4,3,5,1,4,3,1,2,1,4,1,3,2,1,3,3,4,1,1,1,2,1,3,2,1,5,1,1,1,1,1,1,4,3,5,1,2,4,2,1,5,1,1,30,71,76
1,1,1,2,3,2,2,1,3,4,3,4,4,4,5,4,4,4,5,4,4,5,1,3,2,4,4,3,5,3,3,2,5,1,2,1,4,4,5,2,1,4,2,3,3,5,2,2,5,1,2,3,2,1,2,1,5,2,2,3,1,2,1,2,1,1,4,2,2,5,2,3,2,2,30,82,88
